0.0,4.770115934216605e-05,4.7701159342166045e-05
0.0032432432432432435,4.800765573106938e-05,4.7407360623557385e-05
0.006486486486486487,4.831413999578391e-05,4.711357352685119e-05
0.009729729729729731,4.862060001260043e-05,4.6819809673490153e-05
0.012972972972972974,4.8927023658768935e-05,4.652608068399758e-05
0.016216216216216217,4.9233398812978126e-05,4.6232398177517603e-05
0.019459459459459462,4.9539713355834934e-05,4.593877377135564e-05
0.022702702702702703,4.9845955170343896e-05,4.564521908051879e-05
0.025945945945945948,5.0152112142386506e-05,4.535174571725643e-05
0.029189189189189193,5.0458172161200406e-05,4.5058365290600815e-05
0.032432432432432434,5.0764123119858435e-05,4.476508940590786e-05
0.03567567567567568,5.106995291574758e-05,4.447192966439809e-05
0.038918918918918924,5.13756494510477e-05,4.417889766269772e-05
0.04216216216216217,5.168120063321008e-05,4.3886004992379875e-05
0.04540540540540541,5.198659437543582e-05,4.359326323950616e-05
0.04864864864864865,5.229181859715391e-05,4.3300683984168236e-05
0.051891891891891896,5.2596861224499114e-05,4.3008278800029814e-05
0.05513513513513514,5.290171019078962e-05,4.271605925386879e-05
0.058378378378378386,5.3206353437004305e-05,4.242403690511972e-05
0.061621621621621624,5.351077891225982e-05,4.213222330541655e-05
0.06486486486486487,5.381497457428724e-05,4.1840629998135656e-05
0.06810810810810812,5.411892838990845e-05,4.1549268517939266e-05
0.07135135135135136,5.442262833551213e-05,4.12581503903191e-05
0.0745945945945946,5.472606239752942e-05,4.0967287131140474e-05
0.07783783783783785,5.502921857290908e-05,4.0676690246186835e-05
0.08108108108108109,5.533208486959235e-05,4.038637123070454e-05
0.08432432432432434,5.56346493069873e-05,4.009634156894816e-05
0.08756756756756758,5.593689991644277e-05,3.980661273372619e-05
0.09081081081081081,5.623882474172178e-05,3.951719618594723e-05
0.09405405405405406,5.6540411839474535e-05,3.922810337416663e-05
0.0972972972972973,5.6841649279710854e-05,3.893934573413357e-05
0.10054054054054055,5.714252514627206e-05,3.86509346883387e-05
0.10378378378378379,5.74430275373024e-05,3.83628816455624e-05
0.10702702702702703,5.774314456571982e-05,3.807519800042332e-05
0.11027027027027028,5.804286435968618e-05,3.778789513292774e-05
0.11351351351351352,5.834217506307692e-05,3.750098440801935e-05
0.11675675675675677,5.864106483595e-05,3.7214477175129765e-05
0.12000000000000001,5.893952185501429e-05,3.692838476772948e-05
0.12324324324324325,5.923753431409725e-05,3.664271850287961e-05
0.1264864864864865,5.953509042461196e-05,3.635748968078418e-05
0.12972972972972974,5.983217841602348e-05,3.607270958434313e-05
0.13297297297297297,6.012878653631436e-05,3.5788389478706024e-05
0.13621621621621624,6.042490305244966e-05,3.550454061082638e-05
0.13945945945945948,6.072051625084096e-05,3.522117420901679e-05
0.14270270270270272,6.1015614437809766e-05,3.493830148250475e-05
0.14594594594594595,6.131018594005008e-05,3.465593362098934e-05
0.1491891891891892,6.160421910509018e-05,3.4374081794198395e-05
0.15243243243243246,6.189770230175352e-05,3.4092757151446864e-05
0.1556756756756757,6.219062392061886e-05,3.3811970821195656e-05
0.15891891891891893,6.248297237447951e-05,3.3531733910611464e-05
0.16216216216216217,6.277473609880167e-05,3.325205750512737e-05
0.1654054054054054,6.306590355218187e-05,3.2972952668004375e-05
0.16864864864864867,6.335646321680359e-05,3.2694430439893726e-05
0.1718918918918919,6.364640359889278e-05,3.241650183840022e-05
0.17513513513513515,6.393571322917267e-05,3.21391778576463e-05
0.1783783783783784,6.422438066331722e-05,3.186246946783728e-05
0.18162162162162163,6.451239448240411e-05,3.1586387614827244e-05
0.1848648648648649,6.479974329336626e-05,3.131094321968616e-05
0.18810810810810813,6.50864157294425e-05,3.1036147178267924e-05
0.19135135135135137,6.537240045062738e-05,3.07620103607791e-05
0.1945945945945946,6.565768614411953e-05,3.0488543611349268e-05
0.19783783783783784,6.594226152476934e-05,3.0215757747601757e-05
0.2010810810810811,6.622611533552528e-05,2.9943663560225922e-05
0.20432432432432435,6.650923634787923e-05,2.9672271812550196e-05
0.20756756756756758,6.679161336231061e-05,2.9401593240116352e-05
0.21081081081081082,6.707323520872949e-05,2.9131638550254847e-05
0.21405405405405406,6.735409074691835e-05,2.8862418421661237e-05
0.21729729729729733,6.763416886697282e-05,2.8593943503973777e-05
0.22054054054054056,6.791345848974114e-05,2.832622441735215e-05
0.2237837837837838,6.819194856726243e-05,2.805927175205733e-05
0.22702702702702704,6.846962808320368e-05,2.7793096068032706e-05
0.23027027027027028,6.874648605329562e-05,2.752770789448637e-05
0.23351351351351354,6.902251152576709e-05,2.7263117729474525e-05
0.23675675675675678,6.929769358177839e-05,2.6999336039486263e-05
0.24000000000000002,6.957202133585316e-05,2.673637325902956e-05
0.24324324324324326,6.984548393630895e-05,2.6474239790218485e-05
0.2464864864864865,7.011807056568648e-05,2.6212946002361718e-05
0.24972972972972976,7.038977044117762e-05,2.5952502231552375e-05
0.252972972972973,7.066057281505185e-05,2.569291878025915e-05
0.25621621621621626,7.09304669750815e-05,2.543420591691876e-05
0.2594594594594595,7.11994422449654e-05,2.5176373875529756e-05
0.26270270270270274,7.146748798475123e-05,2.4919432855247678e-05
0.26594594594594595,7.173459359125649e-05,2.46633930199817e-05
0.2691891891891892,7.200074849848782e-05,2.440826449799235e-05
0.2724324324324325,7.226594217805906e-05,2.415405738149116e-05
0.2756756756756757,7.253016413960764e-05,2.390078172624119e-05
0.27891891891891896,7.279340393120961e-05,2.3648447551159393e-05
0.28216216216216217,7.30556511397931e-05,2.339706483792023e-05
0.28540540540540543,7.331689539155016e-05,2.314664353056085e-05
0.2886486486486487,7.35771263523472e-05,2.289719353508772e-05
0.2918918918918919,7.383633372813369e-05,2.2648724719084773e-05
0.2951351351351352,7.409450726534953e-05,2.2401246911323057e-05
0.2983783783783784,7.435163675133045e-05,2.2154769901371966e-05
0.30162162162162165,7.460771201471216e-05,2.1909303439211962e-05
0.3048648648648649,7.486272292583256e-05,2.1664857234848882e-05
0.3081081081081081,7.511665939713262e-05,2.1421440957929934e-05
0.3113513513513514,7.536951138355519e-05,2.1179064237360983e-05
0.3145945945945946,7.56212688829426e-05,2.0937736660925924e-05
0.31783783783783787,7.587192193643214e-05,2.069746777490715e-05
0.32108108108108113,7.612146062885008e-05,2.045826708370816e-05
0.32432432432432434,7.636987508910388e-05,2.0220144049477424e-05
0.3275675675675676,7.661715549057264e-05,1.9983108091734156e-05
0.3308108108108108,7.686329205149582e-05,1.97471685869957e-05
0.3340540540540541,7.710827503536028e-05,1.9512334868406596e-05
0.33729729729729735,7.735209475128526e-05,1.9278616225369408e-05
0.34054054054054056,7.759474155440582e-05,1.9046021903177267e-05
0.3437837837837838,7.78362058462544e-05,1.8814561102648106e-05
0.34702702702702704,7.807647807514043e-05,1.858424297976074e-05
0.3502702702702703,7.831554873652826e-05,1.8355076645292726e-05
0.35351351351351357,7.855340837341301e-05,1.8127071164459784e-05
0.3567567567567568,7.879004757669475e-05,1.7900235556557463e-05
0.36000000000000004,7.902545698555074e-05,1.7674578794604147e-05
0.36324324324324325,7.925962728780561e-05,1.745010980498619e-05
0.3664864864864865,7.949254922029979e-05,1.7226837467104817e-05
0.3697297297297298,7.972421356925596e-05,1.7004770613024867e-05
0.372972972972973,7.995461117064342e-05,1.678391802712542e-05
0.37621621621621626,8.018373291054072e-05,1.65642884457523e-05
0.37945945945945947,8.041156972549608e-05,1.63458905568725e-05
0.38270270270270274,8.063811260288605e-05,1.6128732999730505e-05
0.385945945945946,8.086335258127184e-05,1.5912824364506545e-05
0.3891891891891892,8.108728075075393e-05,1.5698173191976827e-05
0.3924324324324325,8.130988825332455e-05,1.5484787973175603e-05
0.3956756756756757,8.153116628321798e-05,1.527267714905936e-05
0.39891891891891895,8.175110608725894e-05,1.5061849110172902e-05
0.4021621621621622,8.196969896520887e-05,1.4852312196317363e-05
0.40540540540540543,8.218693627011e-05,1.464407469622049e-05
0.4086486486486487,8.240280940862749e-05,1.4437144847208554e-05
0.4118918918918919,8.261730984138932e-05,1.423153083488064e-05
0.41513513513513517,8.283042908332409e-05,1.4027240792784805e-05
0.41837837837837843,8.304215870399666e-05,1.3824282802096308e-05
0.42162162162162165,8.325249032794164e-05,1.3622664891298004e-05
0.4248648648648649,8.346141563499473e-05,1.342239503586268e-05
0.4281081081081081,8.366892636062177e-05,1.3223481157937678e-05
0.4313513513513514,8.387501429624574e-05,1.3025931126031338e-05
0.43459459459459465,8.407967128957142e-05,1.2829752754701967e-05
0.43783783783783786,8.428288924490795e-05,1.2634953804248503e-05
0.44108108108108113,8.448466012348897e-05,1.2441541980403697e-05
0.44432432432432434,8.468497594379063e-05,1.2249524934029176e-05
0.4475675675675676,8.488382878184741e-05,1.2058910260812893e-05
0.45081081081081087,8.508121077156548e-05,1.18697055009686e-05
0.4540540540540541,8.527711410503392e-05,1.1681918138937581e-05
0.45729729729729734,8.547153103283349e-05,1.1495555603092628e-05
0.46054054054054056,8.56644538643433e-05,1.1310625265444142e-05
0.4637837837837838,8.585587496804491e-05,1.1127134441348557e-05
0.4670270270270271,8.604578677182436e-05,1.0945090389218926e-05
0.4702702702702703,8.623418176327151e-05,1.0764500310237875e-05
0.47351351351351356,8.64210524899774e-05,1.0585371348072595e-05
0.47675675675675677,8.660639155982889e-05,1.0407710588592434e-05
0.48000000000000004,8.679019164130122e-05,1.0231525059588478e-05
0.4832432432432433,8.697244546374789e-05,1.0056821730495582e-05
0.4864864864864865,8.715314581768837e-05,9.883607512116685e-06
0.4897297297297298,8.733228555509323e-05,9.711889256349437e-06
0.492972972972973,8.75098575896669e-05,9.541673755915162e-06
0.49621621621621625,8.768585489712805e-05,9.372967744090124e-06
0.4994594594594595,8.78602705154873e-05,9.205777894439226e-06
0.5027027027027028,8.803309754532288e-05,9.040110820551955e-06
0.505945945945946,8.820432915005321e-05,8.875973075780869e-06
0.5091891891891892,8.837395855620765e-05,8.713371152982208e-06
0.5124324324324325,8.854197905369427e-05,8.552311484259242e-06
0.5156756756756757,8.870838399606531e-05,8.392800440707672e-06
0.518918918918919,8.887316680078013e-05,8.234844332163706e-06
0.5221621621621622,8.903632094946552e-05,8.078449406954375e-06
0.5254054054054055,8.919783998817375e-05,7.92362185165048e-06
0.5286486486486487,8.935771752763756e-05,7.77036779082177e-06
0.5318918918918919,8.951594724352313e-05,7.618693286794701e-06
0.5351351351351352,8.96725228766803e-05,7.468604339412626e-06
0.5383783783783784,8.982743823338986e-05,7.320106885798467e-06
0.5416216216216216,8.998068718560896e-05,7.173206800119853e-06
0.544864864864865,9.013226367121316e-05,7.0279098933567155e-06
0.5481081081081082,9.028216169423649e-05,6.884221913071537e-06
0.5513513513513514,9.043037532510849e-05,6.742148543181811e-06
0.5545945945945946,9.057689870088877e-05,6.601695403735382e-06
0.5578378378378379,9.072172602549908e-05,6.462868050687992e-06
0.5610810810810811,9.08648515699524e-05,6.325671975683624e-06
0.5643243243243243,9.100626967257967e-05,6.190112605837137e-06
0.5675675675675677,9.114597473925372e-05,6.056195303519699e-06
0.5708108108108109,9.128396124361055e-05,5.923925366146588e-06
0.5740540540540541,9.142022372726798e-05,5.793308025967703e-06
0.5772972972972974,9.155475680004154e-05,5.664348449860523e-06
0.5805405405405406,9.168755514015768e-05,5.5370517391257525e-06
0.5837837837837838,9.181861349446428e-05,5.411422929285571e-06
0.587027027027027,9.19479266786385e-05,5.287466989884344e-06
0.5902702702702703,9.207548957739187e-05,5.1651888242921106e-06
0.5935135135135136,9.220129714467248e-05,5.044593269510627e-06
0.5967567567567568,9.232534440386481e-05,4.925685095981984e-06
0.6000000000000001,9.244762644798641e-05,4.80846900739991e-06
0.6032432432432433,9.256813843988217e-05,4.692949640523734e-06
0.6064864864864865,9.268687561241546e-05,4.5791315649949525e-06
0.6097297297297298,9.280383326865694e-05,4.4670192831564355e-06
0.612972972972973,9.291900678207015e-05,4.356617229874388e-06
0.6162162162162163,9.303239159669469e-05,4.247929772362851e-06
0.6194594594594595,9.314398322732631e-05,4.140961210011008e-06
0.6227027027027028,9.325377725969443e-05,4.035715774213064e-06
0.625945945945946,9.336176935063664e-05,3.932197628200891e-06
0.6291891891891892,9.346795522827071e-05,3.830410866879336e-06
0.6324324324324325,9.357233069216333e-05,3.730359516664212e-06
0.6356756756756757,9.367489161349644e-05,3.6320475353230735e-06
0.6389189189189189,9.377563393523048e-05,3.535478811818611e-06
0.6421621621621623,9.38745536722649e-05,3.4406571661548438e-06
0.6454054054054055,9.397164691159577e-05,3.3475863492259916e-06
0.6486486486486487,9.406690981247063e-05,3.256270042668118e-06
0.6518918918918919,9.416033860654037e-05,3.166711858713474e-06
0.6551351351351352,9.425192959800829e-05,3.0789153400476033e-06
0.6583783783783784,9.434167916377632e-05,2.9928839596692552e-06
0.6616216216216216,9.442958375358836e-05,2.9086211207529254e-06
0.664864864864865,9.451563989017068e-05,2.8261301565142914e-06
0.6681081081081082,9.459984416936945e-05,2.745414330078348e-06
0.6713513513513514,9.468219326028546e-05,2.666476834350308e-06
0.6745945945945947,9.47626839054059e-05,2.5893207918893093e-06
0.6778378378378379,9.48413129207331e-05,2.513949254784914e-06
0.6810810810810811,9.491807719591058e-05,2.4403652045363446e-06
0.6843243243243243,9.499297369434611e-05,2.3685715519345466e-06
0.6875675675675677,9.506599945333169e-05,2.2985711369470856e-06
0.6908108108108109,9.513715158416092e-05,2.230366728605756e-06
0.6940540540540541,9.520642727224318e-05,2.163961024897076e-06
0.6972972972972974,9.527382377721491e-05,2.099356652655549e-06
0.7005405405405406,9.533933843304814e-05,2.036556167459744e-06
0.7037837837837838,9.540296864815586e-05,1.9755620535312435e-06
0.7070270270270271,9.54647119054946e-05,1.916376723636317e-06
0.7102702702702703,9.552456576266392e-05,1.8590025189905308e-06
0.7135135135135136,9.558252785200311e-05,1.8034417091661016e-06
0.7167567567567568,9.563859588068476e-05,1.7496964920021342e-06
0.7200000000000001,9.569276763080554e-05,1.6977689935176626e-06
0.7232432432432433,9.574504095947388e-05,1.647661267827578e-06
0.7264864864864865,9.579541379889475e-05,1.599375297061374e-06
0.7297297297297298,9.584388415645151e-05,1.5529129912846871e-06
0.732972972972973,9.589045011478462e-05,1.5082761884238051e-06
0.7362162162162162,9.593510983186757e-05,1.4654666541929236e-06
0.7394594594594596,9.597786154107976e-05,1.4244860820243094e-06
0.7427027027027028,9.601870355127633e-05,1.385336093001316e-06
0.745945945945946,9.605763424685505e-05,1.3480182357942544e-06
0.7491891891891892,9.609465208782031e-05,1.3125339865991502e-06
0.7524324324324325,9.612975560984389e-05,1.2788847490792992e-06
0.7556756756756757,9.61629434243231e-05,1.2470718543098005e-06
0.7589189189189189,9.61942142184355e-05,1.2170965607248639e-06
0.7621621621621623,9.622356675519096e-05,1.1889600540680533e-06
0.7654054054054055,9.625099987348053e-05,1.1626634473453639e-06
0.7686486486486487,9.62765124881224e-05,1.1382077807812045e-06
0.771891891891892,9.630010358990484e-05,1.115594021777241e-06
0.7751351351351352,9.632177224562605e-05,1.0948230648741468e-06
0.7783783783783784,9.634151759813119e-05,1.0758957317161926e-06
0.7816216216216216,9.635933886634616e-05,1.058812771018756e-06
0.784864864864865,9.637523534530861e-05,1.0435748585387114e-06
0.7881081081081082,9.638920640619575e-05,1.0301825970476903e-06
0.7913513513513514,9.640125149634929e-05,1.0186365163082365e-06
0.7945945945945947,9.641137013929716e-05,1.0089370730528492e-06
0.7978378378378379,9.64195619347726e-05,1.0010846509659312e-06
0.8010810810810811,9.642582655872976e-05,9.95079560668579e-07
0.8043243243243244,9.643016376335662e-05,9.909220397063312e-07
0.8075675675675676,9.643257337708484e-05,9.886122525397592e-07
0.8108108108108109,9.643305530459644e-05,9.881502905379373e-07
0.8140540540540541,9.643160952682761e-05,9.89536171974882e-07
0.8172972972972974,9.642823610096955e-05,9.927698420287628e-07
0.8205405405405406,9.642293516046607e-05,9.978511727841225e-07
0.8237837837837838,9.64157069150084e-05,1.0047799632369324e-06
0.8270270270270271,9.640655165052685e-05,1.013555939302504e-06
0.8302702702702703,9.639546972917957e-05,1.024178753826373e-06
0.8335135135135135,9.638246158933812e-05,1.0366479865980075e-06
0.8367567567567569,9.636752774557021e-05,1.05096314436745e-06
0.8400000000000001,9.63506687886193e-05,1.0671236608648126e-06
0.8432432432432433,9.633188538538127e-05,1.0851288968226843e-06
0.8464864864864866,9.631117827887802e-05,1.10497814000142e-06
0.8497297297297298,9.628854828822809e-05,1.1266706052173e-06
0.852972972972973,9.626399630861419e-05,1.1502054343736203e-06
0.8562162162162162,9.623752331124791e-05,1.1755816964946032e-06
0.8594594594594596,9.620913034333117e-05,1.2027983877622508e-06
0.8627027027027028,9.617881852801495e-05,1.23185443155604e-06
0.865945945945946,9.614658906435467e-05,1.262748678495497e-06
0.8691891891891893,9.611244322726295e-05,1.295479906485704e-06
0.8724324324324325,9.607638236745902e-05,1.330046820765602e-06
0.8756756756756757,9.60384079114154e-05,1.3664480539592314e-06
0.878918918918919,9.599852136130145e-05,1.4046821661297995e-06
0.8821621621621623,9.595672429492383e-05,1.4447476448366775e-06
0.8854054054054055,9.591301836566431e-05,1.4866429051951913e-06
0.8886486486486487,9.586740530241414e-05,1.5303662899393333e-06
0.891891891891892,9.581988690950586e-05,1.5759160694873173e-06
0.8951351351351352,9.577046506664172e-05,1.6232904420100005e-06
0.8983783783783784,9.571914172881949e-05,1.6724875335021466e-06
0.9016216216216217,9.566591892625506e-05,1.7235053978565586e-06
0.904864864864865,9.561079876430215e-05,1.776342016941087e-06
0.9081081081081082,9.555378342336898e-05,1.8309953006784304e-06
0.9113513513513515,9.549487515883206e-05,1.887463087128816e-06
0.9145945945945947,9.543407630094697e-05,1.9457431425755405e-06
0.9178378378378379,9.53713892547562e-05,2.005833161613324e-06
0.9210810810810811,9.530681649999394e-05,2.0677307672394927e-06
0.9243243243243244,9.524036059098809e-05,2.1314335109480004e-06
0.9275675675675676,9.517202415655912e-05,2.196938872826327e-06
0.9308108108108109,9.510180989991617e-05,2.264244261655107e-06
0.9340540540540542,9.502972059855006e-05,2.3333470150106867e-06
0.9372972972972974,9.495575910412339e-05,2.4042443993703677e-06
0.9405405405405406,9.487992834235785e-05,2.4769336102206297e-06
0.9437837837837839,9.480223131291836e-05,2.5514117721679863e-06
0.9470270270270271,9.472267108929449e-05,2.6276759390527794e-06
0.9502702702702703,9.464125081867887e-05,2.705723094065699e-06
0.9535135135135135,9.455797372184267e-05,2.7855501498671453e-06
0.9567567567567569,9.447284309300818e-05,2.8671539487093093e-06
0.9600000000000001,9.43858622997186e-05,2.950531262561136e-06
0.9632432432432433,9.429703478270468e-05,3.0356787932359898e-06
0.9664864864864866,9.420636405574875e-05,3.122593172522109e-06
0.9697297297297298,9.41138537055456e-05,3.2112709623158895e-06
0.972972972972973,9.401950739156073e-05,3.3017086547578344e-06
0.9762162162162163,9.392332884588549e-05,3.3939026723713445e-06
0.9794594594594596,9.382532187308948e-05,3.487849368204242e-06
0.9827027027027028,9.372549035007008e-05,3.583545025973e-06
0.985945945945946,9.362383822589902e-05,3.680985860209797e-06
0.9891891891891893,9.352036952166624e-05,3.7801680164122046e-06
0.9924324324324325,9.341508833032083e-05,3.8810875711957086e-06
0.9956756756756757,9.330799881650903e-05,3.983740532448885e-06
0.998918918918919,9.319910521640957e-05,4.088122839491316e-06
1.0021621621621621,9.30884118375661e-05,4.194230363234226e-06
1.0054054054054056,9.297592305871671e-05,4.302058906343838e-06
1.0086486486486488,9.286164332962085e-05,4.411604203407345e-06
1.011891891891892,9.274557717088321e-05,4.522861921101724e-06
1.0151351351351352,9.262772917377487e-05,4.63582765836508e-06
1.0183783783783784,9.250810400005186e-05,4.750496946570792e-06
1.0216216216216216,9.238670638177049e-05,4.866865249704229e-06
1.024864864864865,9.22635411211004e-05,4.984927964542239e-06
1.0281081081081083,9.213861309013446e-05,5.104680420835183e-06
1.0313513513513515,9.201192723069612e-05,5.226117881491733e-06
1.0345945945945947,9.188348855414386e-05,5.349235542766206e-06
1.037837837837838,9.175330214117296e-05,5.474028534448646e-06
1.041081081081081,9.162137314161455e-05,5.600491920057419e-06
1.0443243243243243,9.148770677423195e-05,5.7286206970345205e-06
1.0475675675675677,9.135230832651412e-05,5.858409796943459e-06
1.050810810810811,9.121518315446654e-05,5.989854085669737e-06
1.0540540540540542,9.107633668239936e-05,6.122948363623963e-06
1.0572972972972974,9.093577440271286e-05,6.257687365947519e-06
1.0605405405405406,9.07935018756801e-05,6.394065762720821e-06
1.0637837837837838,9.064952472922698e-05,6.532078159174197e-06
1.067027027027027,9.050384865870975e-05,6.671719095901208e-06
1.0702702702702704,9.035647942668954e-05,6.812983049074702e-06
1.0735135135135137,9.02074228627045e-05,6.955864430665221e-06
1.0767567567567569,9.005668486303918e-05,7.100357588662175e-06
1.08,8.990427139049128e-05,7.24645680729731e-06
1.0832432432432433,8.975018847413586e-05,7.394156307270827e-06
1.0864864864864865,8.959444220908666e-05,7.543450245980082e-06
1.08972972972973,8.943703875625517e-05,7.694332717750587e-06
1.0929729729729731,8.927798434210687e-05,7.846797754069686e-06
1.0962162162162163,8.91172852584149e-05,8.000839323822652e-06
1.0994594594594596,8.89549478620112e-05,8.156451333531242e-06
1.1027027027027028,8.879097857453504e-05,8.313627627594773e-06
1.105945945945946,8.862538388217892e-05,8.472361988533559e-06
1.1091891891891892,8.845817033543217e-05,8.63264813723497e-06
1.1124324324324326,8.828934454882172e-05,8.794479733201653e-06
1.1156756756756758,8.811891320065042e-05,8.957850374802487e-06
1.118918918918919,8.794688303273291e-05,9.122753599525751e-06
1.1221621621621622,8.777326085012893e-05,9.289182884234817e-06
1.1254054054054055,8.759805352087408e-05,9.457131645426105e-06
1.1286486486486487,8.742126797570828e-05,9.626593239489534e-06
1.1318918918918919,8.724291120780142e-05,9.797560962971415e-06
1.1351351351351353,8.706299027247684e-05,9.970028052839505e-06
1.1383783783783785,8.688151228693222e-05,1.0143987686750574e-05
1.1416216216216217,8.669848442995806e-05,1.0319432983320298e-05
1.144864864864865,8.651391394165368e-05,1.0496357002395467e-05
1.1481081081081081,8.632780812314081e-05,1.0674752745328497e-05
1.1513513513513514,8.614017433627477e-05,1.085461315525429e-05
1.1545945945945948,8.595102000335333e-05,1.1035931117369409e-05
1.157837837837838,8.576035260682306e-05,1.1218699459213448e-05
1.1610810810810812,8.556817968898327e-05,1.140291095095283e-05
1.1643243243243244,8.537450885168778e-05,1.158855830566677e-05
1.1675675675675676,8.517934775604411e-05,1.1775634179635569e-05
1.1708108108108108,8.49827041221105e-05,1.1964131172631033e-05
1.174054054054054,8.478458572859053e-05,1.2154041828209213e-05
1.1772972972972975,8.458500041252526e-05,1.2345358634005496e-05
1.1805405405405407,8.438395606898346e-05,1.2538074022031578e-05
1.183783783783784,8.418146065074915e-05,1.2732180368974984e-05
1.1870270270270271,8.397752216800697e-05,1.2927669996500547e-05
1.1902702702702703,8.377214868802547e-05,1.3124535171554193e-05
1.1935135135135135,8.356534833483788e-05,1.3322768106668802e-05
1.1967567567567567,8.335712928892074e-05,1.352236096027226e-05
1.2000000000000002,8.314749978687036e-05,1.3723305836997716e-05
1.2032432432432434,8.293646812107698e-05,1.3925594787995762e-05
1.2064864864864866,8.272404263939675e-05,1.4129219811249023e-05
1.2097297297297298,8.251023174482146e-05,1.433417285188861e-05
1.212972972972973,8.22950438951462e-05,1.4540445802512794e-05
1.2162162162162162,8.207848760263474e-05,1.4748030503507665e-05
1.2194594594594597,8.186057143368294e-05,1.4956918743369902e-05
1.2227027027027029,8.164130400847967e-05,1.5167102259031659e-05
1.225945945945946,8.142069400066602e-05,1.5378572736187396e-05
1.2291891891891893,8.119875013699206e-05,1.559132180962276e-05
1.2324324324324325,8.097548119697166e-05,1.58053410635455e-05
1.2356756756756757,8.075089601253528e-05,1.602062203191838e-05
1.238918918918919,8.052500346768048e-05,1.623715619879407e-05
1.2421621621621624,8.029781249812059e-05,1.6454934998652015e-05
1.2454054054054056,8.006933209093115e-05,1.667394981673723e-05
1.2486486486486488,7.983957128419452e-05,1.6894191989401148e-05
1.251891891891892,7.960853916664223e-05,1.711565280444427e-05
1.2551351351351352,7.937624487729557e-05,1.7338323501460824e-05
1.2583783783783784,7.914269760510393e-05,1.756219527218533e-05
1.2616216216216218,7.890790658858142e-05,1.7787259260840963e-05
1.264864864864865,7.867188111544152e-05,1.8013506564489874e-05
1.2681081081081083,7.843463052222941e-05,1.8240928233385455e-05
1.2713513513513515,7.819616419395284e-05,1.8469515271326264e-05
1.2745945945945947,7.795649156371083e-05,1.869925863601197e-05
1.2778378378378379,7.771562211232055e-05,1.893014923940096e-05
1.281081081081081,7.747356536794222e-05,1.91621779480699e-05
1.2843243243243245,7.723033090570223e-05,1.9395335583575078e-05
1.2875675675675677,7.698592834731448e-05,1.9629612922815296e-05
1.290810810810811,7.67403673606995e-05,1.986500069839692e-05
1.2940540540540542,7.649365765960237e-05,2.0101489599000325e-05
1.2972972972972974,7.624580900320817e-05,2.0339070269748323e-05
1.3005405405405406,7.599683119575611e-05,2.0577733312576155e-05
1.3037837837837838,7.574673408615154e-05,2.0817469286603315e-05
1.3070270270270272,7.549552756757657e-05,2.1058268708506953e-05
1.3102702702702704,7.524322157709853e-05,2.1300122052896963e-05
1.3135135135135136,7.4989826095277e-05,2.1543019752692937e-05
1.3167567567567569,7.473535114576895e-05,2.1786952199502465e-05
1.32,7.447980679493218e-05,2.2031909744001313e-05
1.3232432432432433,7.422320315142733e-05,2.2277882696315008e-05
1.3264864864864867,7.39655503658177e-05,2.2524861326402352e-05
1.32972972972973,7.370685863016801e-05,2.277283586444006e-05
1.3329729729729731,7.344713817764104e-05,2.3021796501209415e-05
1.3362162162162163,7.318639928209293e-05,2.3271733388484238e-05
1.3394594594594595,7.292465225766675e-05,2.3522636639420418e-05
1.3427027027027028,7.266190745838438e-05,2.3774496328947112e-05
1.345945945945946,7.239817527773718e-05,2.4027302494159243e-05
1.3491891891891894,7.213346614827467e-05,2.428104513471163e-05
1.3524324324324326,7.186779054119182e-05,2.4535714213214657e-05
1.3556756756756758,7.160115896591502e-05,2.4791299655631197e-05
1.358918918918919,7.13335819696862e-05,2.5047791351675225e-05
1.3621621621621622,7.106507013714556e-05,2.5305179155211742e-05
1.3654054054054054,7.079563408991307e-05,2.5563452884658045e-05
1.3686486486486487,7.052528448616816e-05,2.582260232338656e-05
1.371891891891892,7.025403202022811e-05,2.6082617220128982e-05
1.3751351351351353,6.998188742212514e-05,2.6343487289381702e-05
1.3783783783783785,6.970886145718177e-05,2.6605202211812833e-05
1.3816216216216217,6.943496492558509e-05,2.686775163467029e-05
1.384864864864865,6.916020866195953e-05,2.7131125172191305e-05
1.3881081081081081,6.888460353493828e-05,2.7395312406013373e-05
1.3913513513513516,6.860816044673326e-05,2.7660302885586284e-05
1.3945945945945948,6.833089033270396e-05,2.792608612858552e-05
1.397837837837838,6.805280416092488e-05,2.8192651621326945e-05
1.4010810810810812,6.777391293175148e-05,2.845998881918275e-05
1.4043243243243244,6.749422767738529e-05,2.8728087146998416e-05
1.4075675675675676,6.721375946143732e-05,2.899693599951119e-05
1.4108108108108108,6.693251937849052e-05,2.9266524741769514e-05
1.4140540540540543,6.66505185536608e-05,2.9536842709553747e-05
1.4172972972972975,6.636776814215712e-05,2.9807879209797968e-05
1.4205405405405407,6.608427932884e-05,3.0079623521013102e-05
1.423783783783784,6.580006332777923e-05,3.0352064893710878e-05
1.427027027027027,6.551513138181021e-05,3.0625192550829115e-05
1.4302702702702703,6.522949476208933e-05,3.089899568815801e-05
1.4335135135135135,6.494316476764783e-05,3.117346347476762e-05
1.436756756756757,6.465615272494517e-05,3.1448585053436166e-05
1.4400000000000002,6.436846998742085e-05,3.172434954107956e-05
1.4432432432432434,6.408012793504519e-05,3.2000746029182005e-05
1.4464864864864866,6.379113797386936e-05,3.227776358422735e-05
1.4497297297297298,6.350151153557405e-05,3.255539124813171e-05
1.452972972972973,6.321126007701726e-05,3.283361803867694e-05
1.4562162162162164,6.29203950797812e-05,3.311243294994501e-05
1.4594594594594597,6.262892804971809e-05,3.339182495275332e-05
1.4627027027027029,6.233687051649489e-05,3.367178299509111e-05
1.465945945945946,6.204423403313738e-05,3.395229600255658e-05
1.4691891891891893,6.175103017557306e-05,3.423335287879496e-05
1.4724324324324325,6.14572705421732e-05,3.451494250593753e-05
1.4756756756756757,6.116296675329418e-05,3.479705374504123e-05
1.4789189189189191,6.086813045081767e-05,3.5079675436529516e-05
1.4821621621621623,6.0572773297690275e-05,3.5362796400633616e-05
1.4854054054054056,6.027690697746194e-05,3.564640543783489e-05
1.4886486486486488,5.998054319382404e-05,3.593049132930781e-05
1.491891891891892,5.968369367014618e-05,3.6215042837363754e-05
1.4951351351351352,5.9386370149012634e-05,3.650004870589554e-05
1.4983783783783784,5.908858439175776e-05,3.678549766082266e-05
1.5016216216216218,5.879034817800072e-05,3.707137841053732e-05
1.504864864864865,5.849167330517962e-05,3.735767964635095e-05
1.5081081081081082,5.819257158808466e-05,3.7644390042941854e-05
1.5113513513513515,5.789305485839095e-05,3.793149825880283e-05
1.5145945945945947,5.75931349641904e-05,3.8218992936690076e-05
1.5178378378378379,5.729282376952299e-05,3.8506862704072385e-05
1.5210810810810813,5.6992133153907557e-05,3.8795096173580984e-05
1.5243243243243245,5.669107501187189e-05,3.908368194345994e-05
1.5275675675675677,5.638966125248199e-05,3.937260859801736e-05
1.530810810810811,5.608790379887129e-05,3.9661864708076774e-05
1.5340540540540542,5.578581458776878e-05,3.9951438831429376e-05
1.5372972972972974,5.5483405569026975e-05,4.0241319513286505e-05
1.5405405405405406,5.518068870514907e-05,4.0531495286732934e-05
1.543783783783784,5.48776759708158e-05,4.082195467318038e-05
1.5470270270270272,5.457437935241185e-05,4.111268618282151e-05
1.5502702702702704,5.427081084755148e-05,4.1403678315084626e-05
1.5535135135135136,5.396698246460413e-05,4.1694919559088405e-05
1.5567567567567568,5.3662906222219325e-05,4.198639839409735e-05
1.56,5.3358594148851286e-05,4.227810328997746e-05
1.5632432432432433,5.3054058282282975e-05,4.257002270765245e-05
1.5664864864864867,5.2749310669150174e-05,4.286214509955999e-05
1.56972972972973,5.2444363364464685e-05,4.315445891010874e-05
1.5729729729729731,5.213922843113765e-05,4.344695257613524e-05
1.5762162162162163,5.183391793950228e-05,4.37396145273615e-05
1.5794594594594595,5.152844396683642e-05,4.4032433186852574e-05
1.5827027027027027,5.1222818596884734e-05,4.432539697147459e-05
1.5859459459459462,5.091705391938082e-05,4.46184942923529e-05
1.5891891891891894,5.061116202956894e-05,4.4911713555330434e-05
1.5924324324324326,5.03051550277255e-05,4.520504316142651e-05
1.5956756756756758,4.999904501868044e-05,4.549847150729549e-05
1.598918918918919,4.9692844111338354e-05,4.579198698568598e-05
1.6021621621621622,4.9386564418199615e-05,4.608557798589968e-05
1.6054054054054054,4.9080218054881095e-05,4.637923289425094e-05
1.6086486486486489,4.877381713963697e-05,4.667294009452611e-05
1.611891891891892,4.846737379287939e-05,4.69666879684429e-05
1.6151351351351353,4.816090013669892e-05,4.7260464896110166e-05
1.6183783783783785,4.785440829438515e-05,4.7554259256487425e-05
1.6216216216216217,4.7547910389946986e-05,4.7848059427844664e-05
1.624864864864865,4.7241418547633195e-05,4.814185378822194e-05
1.6281081081081081,4.693494489145271e-05,4.8435630715889224e-05
1.6313513513513516,4.6628501544695106e-05,4.872937858980604e-05
1.6345945945945948,4.6322100629450995e-05,4.902308579008118e-05
1.637837837837838,4.60157542661325e-05,4.9316740698432426e-05
1.6410810810810812,4.570947457299376e-05,4.9610331698646124e-05
1.6443243243243244,4.5403273665651696e-05,4.9903847177036584e-05
1.6475675675675676,4.5097163656606616e-05,5.01972755229056e-05
1.650810810810811,4.4791156654763155e-05,5.049060512900169e-05
1.6540540540540543,4.4485264764951295e-05,5.0783824391979206e-05
1.6572972972972975,4.41795000874474e-05,5.107692171285749e-05
1.6605405405405407,4.38738747174957e-05,5.136988549747953e-05
1.6637837837837839,4.356840074482982e-05,5.166270415697062e-05
1.667027027027027,4.326309025319445e-05,5.1955366108196886e-05
1.6702702702702703,4.295795531986744e-05,5.224785977422336e-05
1.6735135135135137,4.265300801518195e-05,5.2540173584772114e-05
1.676756756756757,4.234826040204914e-05,5.283229597667965e-05
1.6800000000000002,4.204372453548086e-05,5.312421539435463e-05
1.6832432432432434,4.173941246211279e-05,5.3415920290234755e-05
1.6864864864864866,4.143533621972799e-05,5.37073991252437e-05
1.6897297297297298,4.113150783678062e-05,5.39986403692475e-05
1.6929729729729732,4.0827939331920265e-05,5.4289632501510593e-05
1.6962162162162164,4.052464271351627e-05,5.458036401115176e-05
1.6994594594594596,4.022162997918303e-05,5.487082339759919e-05
1.7027027027027029,3.991891311530512e-05,5.516099917104561e-05
1.705945945945946,3.9616504096563315e-05,5.5450879852902754e-05
1.7091891891891893,3.931441488546085e-05,5.57404539762553e-05
1.7124324324324325,3.901265743185015e-05,5.602971008631473e-05
1.715675675675676,3.871124367246024e-05,5.631863674087216e-05
1.7189189189189191,3.841018553042453e-05,5.6607222510751146e-05
1.7221621621621623,3.81094949148091e-05,5.6895455980259745e-05
1.7254054054054055,3.78091837201417e-05,5.718332574764204e-05
1.7286486486486488,3.7509263825941165e-05,5.747082042552928e-05
1.731891891891892,3.720974709624746e-05,5.775792864139025e-05
1.7351351351351352,3.691064537915251e-05,5.804463903798113e-05
1.7383783783783786,3.661197050633138e-05,5.833094027379481e-05
1.7416216216216218,3.631373429257435e-05,5.861682102350945e-05
1.744864864864865,3.6015948535319496e-05,5.8902269978436545e-05
1.7481081081081082,3.571862501418596e-05,5.918727584696833e-05
1.7513513513513514,3.542177549050808e-05,5.94718273550243e-05
1.7545945945945947,3.5125411706870154e-05,5.9755913246497223e-05
1.757837837837838,3.482954538664181e-05,6.0039522283698534e-05
1.7610810810810813,3.453418823351439e-05,6.032264324780263e-05
1.7643243243243245,3.423935193103793e-05,6.060526493929088e-05
1.7675675675675677,3.394504814215892e-05,6.0887376178394575e-05
1.770810810810811,3.365128850875907e-05,6.116896580553713e-05
1.7740540540540541,3.335808465119473e-05,6.145002268177553e-05
1.7772972972972974,3.306544816783722e-05,6.173053568924099e-05
1.7805405405405408,3.277339063461401e-05,6.201049373157881e-05
1.783783783783784,3.248192360455092e-05,6.228988573438709e-05
1.7870270270270272,3.219105860731486e-05,6.256870064565516e-05
1.7902702702702704,3.190080714875808e-05,6.28469274362004e-05
1.7935135135135136,3.161118071046274e-05,6.312455510010477e-05
1.7967567567567568,3.1322190749286906e-05,6.340157265515012e-05
1.8,3.103384869691129e-05,6.367796914325253e-05
1.8032432432432435,3.074616595938694e-05,6.395373363089594e-05
1.8064864864864867,3.045915391668431e-05,6.422885520956447e-05
1.80972972972973,3.017282392224282e-05,6.450332299617407e-05
1.812972972972973,2.9887187302521898e-05,6.477712613350298e-05
1.8162162162162163,2.9602255356552878e-05,6.505025379062125e-05
1.8194594594594595,2.9318039355492114e-05,6.5322695163319e-05
1.822702702702703,2.9034550542174966e-05,6.559443947453415e-05
1.8259459459459462,2.8751800130671273e-05,6.58654759747784e-05
1.8291891891891894,2.8469799305841588e-05,6.613579394256262e-05
1.8324324324324326,2.818855922289479e-05,6.640538268482091e-05
1.8356756756756758,2.7908091006946846e-05,6.667423153733366e-05
1.838918918918919,2.762840575258066e-05,6.694232986514934e-05
1.8421621621621622,2.734951452340724e-05,6.720966706300516e-05
1.8454054054054057,2.7071428351628133e-05,6.747623255574661e-05
1.8486486486486489,2.6794158237598824e-05,6.774201579874586e-05
1.851891891891892,2.651771514939381e-05,6.800700627831875e-05
1.8551351351351353,2.6242110022372557e-05,6.827119351214081e-05
1.8583783783783785,2.5967353758747035e-05,6.853456704966182e-05
1.8616216216216217,2.569345722715036e-05,6.879711647251925e-05
1.864864864864865,2.5420431262206983e-05,6.905883139495039e-05
1.8681081081081083,2.514828666410398e-05,6.931970146420313e-05
1.8713513513513516,2.4877034198163957e-05,6.957971636094554e-05
1.8745945945945948,2.4606684594419058e-05,6.983886579967404e-05
1.877837837837838,2.4337248547186553e-05,7.009713952912036e-05
1.8810810810810812,2.4068736714645916e-05,7.035452733265688e-05
1.8843243243243244,2.3801159718417065e-05,7.061101902870093e-05
1.8875675675675678,2.353452814314026e-05,7.086660447111748e-05
1.890810810810811,2.3268852536057437e-05,7.11212735496205e-05
1.8940540540540542,2.3004143406594934e-05,7.137501619017286e-05
1.8972972972972975,2.274041122594774e-05,7.162782235538497e-05
1.9005405405405407,2.2477666426665387e-05,7.187968204491167e-05
1.9037837837837839,2.2215919402239173e-05,7.213058529584787e-05
1.907027027027027,2.1955180506691045e-05,7.23805221831227e-05
1.9102702702702705,2.169546005416407e-05,7.262948281989207e-05
1.9135135135135137,2.1436768318514404e-05,7.287745735792978e-05
1.916756756756757,2.117911553290479e-05,7.31244359880171e-05
1.9200000000000002,2.0922511889399918e-05,7.337040894033081e-05
1.9232432432432434,2.0666967538563176e-05,7.361536648482963e-05
1.9264864864864866,2.0412492589055104e-05,7.385929893163917e-05
1.9297297297297298,2.01590971072336e-05,7.410219663143512e-05
1.9329729729729732,1.990679111675555e-05,7.434404997582516e-05
1.9362162162162164,1.9655584598180585e-05,7.458484939772876e-05
1.9394594594594596,1.9405487488576e-05,7.482458537175595e-05
1.9427027027027028,1.9156509681123926e-05,7.50632484145838e-05
1.945945945945946,1.8908661024729724e-05,7.53008290853318e-05
1.9491891891891893,1.8661951323632615e-05,7.553731798593518e-05
1.9524324324324327,1.8416390337017653e-05,7.57727057615168e-05
1.955675675675676,1.8171987778629876e-05,7.600698310075703e-05
1.9589189189189191,1.7928753316389904e-05,7.624014073626218e-05
1.9621621621621623,1.768669657201157e-05,7.647216944493113e-05
1.9654054054054055,1.74458271206213e-05,7.670306004832012e-05
1.9686486486486487,1.7206154490379278e-05,7.693280341300584e-05
1.971891891891892,1.6967688162102706e-05,7.716139045094664e-05
1.9751351351351354,1.6730437568890576e-05,7.738881211984225e-05
1.9783783783783786,1.6494412095750666e-05,7.761505942349116e-05
1.9816216216216218,1.62596210792282e-05,7.784012341214678e-05
1.984864864864865,1.6026073807036568e-05,7.806399518287127e-05
1.9881081081081082,1.5793779517689878e-05,7.828666587988783e-05
1.9913513513513514,1.556274740013759e-05,7.850812669493096e-05
1.9945945945945946,1.5332986593400965e-05,7.872836886759487e-05
1.997837837837838,1.510450618621152e-05,7.894738368568011e-05
2.001081081081081,1.4877315216651628e-05,7.916516248553804e-05
2.0043243243243243,1.4651422671796847e-05,7.93816966524137e-05
2.007567567567568,1.4426837487360413e-05,7.959697762078664e-05
2.010810810810811,1.4203568547340037e-05,7.981099687470935e-05
2.0140540540540544,1.3981624683666063e-05,8.002374594814471e-05
2.0172972972972976,1.3761014675852414e-05,8.023521642530046e-05
2.0205405405405408,1.354174725064916e-05,8.044539994096222e-05
2.023783783783784,1.3323831081697374e-05,8.065428818082445e-05
2.027027027027027,1.3107274789185941e-05,8.08618728818193e-05
2.0302702702702704,1.2892086939510656e-05,8.10681458324435e-05
2.0335135135135136,1.267827604493535e-05,8.12730988730831e-05
2.036756756756757,1.246585056325511e-05,8.147672389633637e-05
2.04,1.2254818897461754e-05,8.167901284733439e-05
2.0432432432432432,1.2045189395411386e-05,8.187995772405983e-05
2.0464864864864865,1.1836970349494244e-05,8.207955057766329e-05
2.04972972972973,1.1630169996306618e-05,8.227778351277793e-05
2.0529729729729733,1.1424796516325122e-05,8.247464868783157e-05
2.0562162162162165,1.1220858033582955e-05,8.267013831535714e-05
2.0594594594594597,1.1018362615348644e-05,8.286424466230052e-05
2.062702702702703,1.0817318271806852e-05,8.305696005032662e-05
2.065945945945946,1.0617732955741577e-05,8.324827685612289e-05
2.0691891891891894,1.0419614562221601e-05,8.343818751170107e-05
2.0724324324324326,1.0222970928287984e-05,8.362668450469654e-05
2.075675675675676,1.0027809832644338e-05,8.381376037866531e-05
2.078918918918919,9.834138995348823e-06,8.399940773337928e-05
2.082162162162162,9.641966077509051e-06,8.418361922511867e-05
2.0854054054054054,9.45129868097879e-06,8.436638756696267e-05
2.0886486486486486,9.262144348057352e-06,8.454770552907779e-05
2.0918918918918923,9.074510561191305e-06,8.47275659390036e-05
2.0951351351351355,8.888404742678414e-06,8.490596168193665e-05
2.0983783783783787,8.703834254374014e-06,8.508288570101184e-05
2.101621621621622,8.520806397399876e-06,8.525833099758155e-05
2.104864864864865,8.339328411855252e-06,8.543229063149262e-05
2.1081081081081083,8.159407476530693e-06,8.56047577213607e-05
2.1113513513513515,7.981050708623839e-06,8.577572544484256e-05
2.1145945945945948,7.80426516345802e-06,8.594518703890602e-05
2.117837837837838,7.629057834203203e-06,8.611313580009728e-05
2.121081081081081,7.455435651599224e-06,8.627956508480633e-05
2.1243243243243244,7.283405483681694e-06,8.644446830952962e-05
2.1275675675675676,7.112974135510377e-06,8.660783895113047e-05
2.130810810810811,6.944148348899934e-06,8.676967054709713e-05
2.134054054054054,6.776934802153194e-06,8.692995669579854e-05
2.1372972972972977,6.611340109797071e-06,8.708869105673735e-05
2.140540540540541,6.447370822320878e-06,8.724586735080088e-05
2.143783783783784,6.285033425917181e-06,8.740147936050947e-05
2.1470270270270273,6.124334342225235e-06,8.755552093026241e-05
2.1502702702702705,5.965279928076936e-06,8.770798596658152e-05
2.1535135135135137,5.8078764752454695e-06,8.7858868438352e-05
2.156756756756757,5.6521302101962615e-06,8.800816237706129e-05
2.16,5.498047293840807e-06,8.815586187703481e-05
2.1632432432432434,5.345633821292929e-06,8.830196109566992e-05
2.1664864864864866,5.194895821627625e-06,8.844645425366687e-05
2.1697297297297298,5.045839257642566e-06,8.858933563525742e-05
2.172972972972973,4.898470025622362e-06,8.873059958843089e-05
2.176216216216216,4.752793955105144e-06,8.887024052515789e-05
2.17945945945946,4.608816808652009e-06,8.900825292161128e-05
2.182702702702703,4.466544281619248e-06,8.914463131838459e-05
2.1859459459459463,4.325982001932733e-06,8.927937032070814e-05
2.1891891891891895,4.187135529865557e-06,8.941246459866239e-05
2.1924324324324327,4.050010357817988e-06,8.954390888738866e-05
2.195675675675676,3.9146119101001404e-06,8.967369798729759e-05
2.198918918918919,3.780945542717556e-06,8.980182676427468e-05
2.2021621621621623,3.6490165431591737e-06,8.992829014988345e-05
2.2054054054054055,3.5188301301882576e-06,9.005308314156591e-05
2.2086486486486487,3.390391453635986e-06,9.017620080284036e-05
2.211891891891892,3.263705594197656e-06,9.02976382634969e-05
2.215135135135135,3.1387775632317164e-06,9.041739071978987e-05
2.2183783783783784,3.0156123025616272e-06,9.053545343462787e-05
2.221621621621622,2.894214684280258e-06,9.065182173776132e-05
2.2248648648648652,2.77458951055722e-06,9.076649102596703e-05
2.2281081081081084,2.656741513448904e-06,9.087945676323038e-05
2.2313513513513517,2.5406753547112373e-06,9.099071448092478e-05
2.234594594594595,2.426395625615393e-06,9.110025977798827e-05
2.237837837837838,2.31390684676602e-06,9.120808832109787e-05
2.2410810810810813,2.203213467922529e-06,9.131419584484079e-05
2.2443243243243245,2.094319867823084e-06,9.14185781518832e-05
2.2475675675675677,1.98723035401128e-06,9.15212311131364e-05
2.250810810810811,1.8819491626658557e-06,9.162215066791991e-05
2.254054054054054,1.7784804584330965e-06,9.17213328241223e-05
2.2572972972972973,1.6768283342620526e-06,9.181877365835909e-05
2.2605405405405405,1.5769968112426348e-06,9.191446931612786e-05
2.2637837837837838,1.4789898384466277e-06,9.200841601196075e-05
2.2670270270270274,1.3828112927713607e-06,9.210061002957429e-05
2.2702702702702706,1.2884649787864972e-06,9.219104772201622e-05
2.273513513513514,1.1959546285833616e-06,9.227972551180999e-05
2.276756756756757,1.1052839016274127e-06,9.236663989109613e-05
2.2800000000000002,1.0164563846135048e-06,9.245178742177096e-05
2.2832432432432435,9.294755913239204e-07,9.253516473562279e-05
2.2864864864864867,8.443449624894355e-07,9.261676853446497e-05
2.28972972972973,7.610678656532331e-07,9.26965955902664e-05
2.292972972972973,6.79647595037624e-07,9.277464274527933e-05
2.2962162162162163,6.000873714137534e-07,9.285090691216414e-05
2.2994594594594595,5.223903419742684e-07,9.292538507411147e-05
2.3027027027027027,4.4655958020871004e-07,9.299807428496172e-05
2.305945945945946,3.7259808578204803e-07,9.306897166932143e-05
2.3091891891891896,3.005087844159155e-07,9.313807442267701e-05
2.312432432432433,2.3029452777297478e-07,9.320537981150577e-05
2.315675675675676,1.619580933440134e-07,9.327088517338411e-05
2.318918918918919,9.55021843381648e-08,9.333458791709262e-05
2.3221621621621624,3.092942957590826e-08,9.339648552271878e-05
2.3254054054054056,-3.175761661486748e-08,9.345657554175657e-05
2.328648648648649,-9.255647449994256e-08,9.351485559720329e-05
2.331891891891892,-1.5146473903687743e-07,9.357132338365368e-05
2.3351351351351353,-2.0848007997004796e-07,9.362597666739102e-05
2.3383783783783785,-2.636002419229686e-07,9.367881328647555e-05
2.3416216216216217,-3.168230444873933e-07,9.372983115082997e-05
2.344864864864865,-3.6814638230961386e-07,9.377902824232211e-05
2.348108108108108,-4.1756822517374813e-07,9.382640261484479e-05
2.3513513513513518,-4.650866180820555e-07,9.387195239439277e-05
2.354594594594595,-5.106996813322005e-07,9.391567577913693e-05
2.357837837837838,-5.544056105917315e-07,9.395757103949543e-05
2.3610810810810814,-5.962026769693305e-07,9.39976365182023e-05
2.3643243243243246,-6.36089227083298e-07,9.403587063037288e-05
2.367567567567568,-6.740636831269175e-07,9.40722718635665e-05
2.370810810810811,-7.101245429308416e-07,9.41068387778464e-05
2.3740540540540542,-7.442703800225657e-07,9.413957000583661e-05
2.3772972972972974,-7.764998436828434e-07,9.417046425277606e-05
2.3805405405405407,-8.068116589990746e-07,9.419952029656985e-05
2.383783783783784,-8.35204626915799e-07,9.42267369878375e-05
2.387027027027027,-8.616776242820895e-07,9.425211324995849e-05
2.3902702702702703,-8.862296038959843e-07,9.427564807911482e-05
2.3935135135135135,-9.088595945459277e-07,9.429734054433069e-05
2.396756756756757,-9.295667010491723e-07,9.431718978750942e-05
2.4000000000000004,-9.483501042871994e-07,9.43351950234673e-05
2.4032432432432436,-9.652090612380965e-07,9.435135553996466e-05
2.4064864864864868,-9.801429050060208e-07,9.436567069773411e-05
2.40972972972973,-9.931510448474706e-07,9.437813993050572e-05
2.412972972972973,-1.0042329661947555e-06,9.43887627450296e-05
2.4162162162162164,-1.013388230676298e-06,9.439753872109517e-05
2.4194594594594596,-1.0206164761339613e-06,9.440446751154797e-05
2.422702702702703,-1.025917416637449e-06,9.440954884230335e-05
2.425945945945946,-1.029290842495504e-06,9.441278251235723e-05
2.4291891891891892,-1.0307366202643257e-06,9.441416839379416e-05
2.4324324324324325,-1.0302546927527326e-06,9.441370643179234e-05
2.4356756756756757,-1.0278450790245168e-06,9.441139664462577e-05
2.4389189189189193,-1.0235078743976487e-06,9.440723912366352e-05
2.4421621621621625,-1.0172432504404971e-06,9.440123403336618e-05
2.4454054054054057,-1.0090514549650645e-06,9.439338161127925e-05
2.448648648648649,-9.989328120171756e-07,9.438368216802387e-05
2.451891891891892,-9.868877218636558e-07,9.437213608728441e-05
2.4551351351351354,-9.729166609765095e-07,9.435874382579339e-05
2.4583783783783786,-9.57020182014053e-07,9.434350591331336e-05
2.461621621621622,-9.391989137990807e-07,9.43264229526159e-05
2.464864864864865,-9.194535612939441e-07,9.430749561945795e-05
2.468108108108108,-8.977849055727325e-07,9.428672466255487e-05
2.4713513513513514,-8.741938037903052e-07,9.42641109035509e-05
2.4745945945945946,-8.486811891484281e-07,9.423965523698674e-05
2.477837837837838,-8.212480708588655e-07,9.421335863026405e-05
2.4810810810810815,-7.918955341034013e-07,9.418522212360725e-05
2.4843243243243247,-7.606247399909963e-07,9.41552468300223e-05
2.487567567567568,-7.274369255117907e-07,9.41234339352528e-05
2.490810810810811,-6.92333403488194e-07,9.408978469773295e-05
2.4940540540540543,-6.55315562522953e-07,9.405430044853785e-05
2.4972972972972975,-6.163848669442292e-07,9.401698259133079e-05
2.5005405405405408,-5.755428567476603e-07,9.397783260230779e-05
2.503783783783784,-5.327911475354663e-07,9.393685203013918e-05
2.507027027027027,-4.881314304525049e-07,9.389404249590829e-05
2.5102702702702704,-4.4156547211940707e-07,9.384940569304742e-05
2.5135135135135136,-3.9309511456265567e-07,9.380294338727073e-05
2.516756756756757,-3.427222751417751e-07,9.375465741650452e-05
2.52,-2.9044894647343345e-07,9.370454969081444e-05
2.5232432432432437,-2.3627719635264964e-07,9.365262219232997e-05
2.526486486486487,-1.8020916767099766e-07,9.3598876975166e-05
2.52972972972973,-1.2224707833181943e-07,9.354331616534157e-05
2.5329729729729733,-6.239322116248865e-08,9.348594196069578e-05
2.5362162162162165,-6.499638237505078e-10,9.342675663080086e-05
2.5394594594594597,6.298025128397886e-08,9.336576251687235e-05
2.542702702702703,1.2849490711720677e-07,9.330296203167655e-05
2.545945945945946,1.9589141208893772e-07,9.323835765943502e-05
2.5491891891891894,2.651671001711716e-07,9.317195195572634e-05
2.5524324324324326,3.3631923100041123e-07,9.310374754738502e-05
2.5556756756756758,4.093449899859917e-07,9.303374713239756e-05
2.558918918918919,4.842414884215158e-07,9.296195347979576e-05
2.562162162162162,5.610057635989896e-07,9.28883694295472e-05
2.5654054054054054,6.396347789261923e-07,9.28129978924428e-05
2.568648648648649,7.201254240466305e-07,9.27358418499818e-05
2.5718918918918923,8.024745149626599e-07,9.265690435425374e-05
2.5751351351351355,8.86678794161428e-07,9.257618852781782e-05
2.5783783783783787,9.727349307437361e-07,9.249369756357919e-05
2.581621621621622,1.0606395205557884e-06,9.240943472466285e-05
2.584864864864865,1.150389086323818e-06,9.23234033442845e-05
2.5881081081081083,1.2419800777917399e-06,9.223560682561863e-05
2.5913513513513515,1.3354088718614736e-06,9.214604864166399e-05
2.5945945945945947,1.4306717727363376e-06,9.20547323351061e-05
2.597837837837838,1.5277650120671953e-06,9.196166151817727e-05
2.601081081081081,1.6266847491016076e-06,9.18668398725135e-05
2.6043243243243244,1.7274270708356532e-06,9.177027114900903e-05
2.6075675675675676,1.8299879921687528e-06,9.167195916766791e-05
2.6108108108108112,1.9343634560613943e-06,9.157190781745276e-05
2.6140540540540544,2.040549333695453e-06,9.147012105613121e-05
2.6172972972972977,2.148541424637693e-06,9.136660291011903e-05
2.620540540540541,2.2583354570057944e-06,9.12613574743211e-05
2.623783783783784,2.3699270876374186e-06,9.115438891196924e-05
2.6270270270270273,2.483311902261942e-06,9.104570145445772e-05
2.6302702702702705,2.5984854156751737e-06,9.093529940117567e-05
2.6335135135135137,2.71544307191664e-06,9.082318711933716e-05
2.636756756756757,2.8341802444499496e-06,9.070936904380836e-05
2.64,2.954692236345696e-06,9.059384967693218e-05
2.6432432432432433,3.076974280467282e-06,9.047663358835014e-05
2.6464864864864865,3.2010215396596127e-06,9.035772541482148e-05
2.6497297297297298,3.3268291069402197e-06,9.023712986004001e-05
2.6529729729729734,3.4543920056935997e-06,9.011485169444775e-05
2.6562162162162166,3.5837051898678303e-06,8.999089575504654e-05
2.65945945945946,3.7147635441744446e-06,8.986526694520634e-05
2.662702702702703,3.847561884290566e-06,8.973797023447159e-05
2.6659459459459462,3.982094957064125e-06,8.960901065836438e-05
2.6691891891891895,4.11835744072157e-06,8.947839331818549e-05
2.6724324324324327,4.256343945078391e-06,8.93461233808124e-05
2.675675675675676,4.3960490117524456e-06,8.921220607849495e-05
2.678918918918919,4.537467114379678e-06,8.90766467086485e-05
2.6821621621621623,4.68059265883301e-06,8.893945063364411e-05
2.6854054054054055,4.825419983443307e-06,8.880062328059673e-05
2.6886486486486487,4.971943359223622e-06,8.86601701411503e-05
2.691891891891892,5.120156990095614e-06,8.851809677126057e-05
2.695135135135135,5.270055013118931e-06,8.837440879097539e-05
2.698378378378379,5.421631498723148e-06,8.822911188421226e-05
2.701621621621622,5.574880450942243e-06,8.808221179853361e-05
2.704864864864865,5.7297958076518345e-06,8.793371434491945e-05
2.7081081081081084,5.886371440808966e-06,8.778362539753741e-05
2.7113513513513516,6.0446011566945756e-06,8.763195089351031e-05
2.714594594594595,6.2044786961583395e-06,8.747869683268164e-05
2.717837837837838,6.365997734866559e-06,8.732386927737773e-05
2.7210810810810813,6.529151883551967e-06,8.716747435216843e-05
2.7243243243243245,6.693934688266786e-06,8.700951824362443e-05
2.7275675675675677,6.860339630637833e-06,8.685000720007285e-05
2.730810810810811,7.028360128124437e-06,8.66889475313499e-05
2.734054054054054,7.197989534278887e-06,8.652634560855124e-05
2.7372972972972973,7.369221139009222e-06,8.636220786378015e-05
2.740540540540541,7.542048168844811e-06,8.619654078989285e-05
2.743783783783784,7.71646378720407e-06,8.602935094024195e-05
2.7470270270270274,7.892461094665215e-06,8.586064492841691e-05
2.7502702702702706,8.070033129238855e-06,8.569042942798266e-05
2.753513513513514,8.249172866643726e-06,8.551871117221543e-05
2.756756756756757,8.429873220584191e-06,8.534549695383654e-05
2.7600000000000002,8.61212704303088e-06,8.517079362474363e-05
2.7632432432432434,8.795927124503217e-06,8.499460809573965e-05
2.7664864864864867,8.981266194354705e-06,8.481694733625951e-05
2.76972972972973,9.168136921060592e-06,8.463781837409422e-05
2.772972972972973,9.356531912507736e-06,8.445722829511317e-05
2.7762162162162163,9.546443716287184e-06,8.427518424298354e-05
2.7794594594594595,9.737864819988795e-06,8.409169341888797e-05
2.782702702702703,9.930787651498633e-06,8.390676308123945e-05
2.7859459459459464,1.0125204579298191e-05,8.37204005453945e-05
2.7891891891891896,1.0321107912766633e-05,8.353261318336349e-05
2.7924324324324328,1.051848990248467e-05,8.334340842351923e-05
2.795675675675676,1.0717342740541466e-05,8.315279375030292e-05
2.798918918918919,1.0917658560843155e-05,8.296077670392839e-05
2.8021621621621624,1.1119429439424144e-05,8.27673648800836e-05
2.8054054054054056,1.1322647394760677e-05,8.257256592963014e-05
2.808648648648649,1.1527304388086361e-05,8.237638755830076e-05
2.811891891891892,1.1733392323710343e-05,8.217883752639443e-05
2.8151351351351352,1.194090304933736e-05,8.197992364846943e-05
2.8183783783783785,1.2149828356390444e-05,8.177965379303409e-05
2.8216216216216217,1.2360159980335444e-05,8.157803588223578e-05
2.824864864864865,1.2571889601007964e-05,8.137507789154734e-05
2.8281081081081085,1.2785008842942814e-05,8.117078784945142e-05
2.8313513513513517,1.2999509275704602e-05,8.096517383712355e-05
2.834594594594595,1.3215382414222113e-05,8.075824398811162e-05
2.837837837837838,1.3432619719123228e-05,8.055000648801475e-05
2.8410810810810814,1.365121259707316e-05,8.034046957415921e-05
2.8443243243243246,1.3871152401114111e-05,8.012964153527275e-05
2.847567567567568,1.4092430431007553e-05,7.991753071115649e-05
2.850810810810811,1.4315037933578146e-05,7.970414549235527e-05
2.854054054054054,1.4538966103060263e-05,7.948949431982555e-05
2.8572972972972974,1.476420608144607e-05,7.927358568460159e-05
2.8605405405405406,1.4990748958835979e-05,7.905642812745963e-05
2.863783783783784,1.5218585773791375e-05,7.883803023857984e-05
2.867027027027027,1.544770751368866e-05,7.861840065720671e-05
2.8702702702702707,1.5678105115076163e-05,7.839754807130721e-05
2.873513513513514,1.5909769464032296e-05,7.817548121722728e-05
2.876756756756757,1.61426913965265e-05,7.795220887934591e-05
2.8800000000000003,1.6376861698781347e-05,7.772773988972795e-05
2.8832432432432435,1.661227110763735e-05,7.750208312777462e-05
2.8864864864864868,1.684891031091912e-05,7.72752475198723e-05
2.88972972972973,1.7086769947803846e-05,7.704724203903937e-05
2.892972972972973,1.732584060919167e-05,7.681807570457134e-05
2.8962162162162164,1.7566112838077668e-05,7.658775758168403e-05
2.8994594594594596,1.7807577129926268e-05,7.635629678115485e-05
2.902702702702703,1.8050223933046814e-05,7.612370245896273e-05
2.905945945945946,1.82940436489718e-05,7.588998381592553e-05
2.9091891891891892,1.8539026632836273e-05,7.565515009733641e-05
2.912432432432433,1.8785163193759484e-05,7.541921059259793e-05
2.915675675675676,1.9032443595228218e-05,7.518217463485469e-05
2.9189189189189193,1.9280858055482022e-05,7.494405160062393e-05
2.9221621621621625,1.9530396747899976e-05,7.470485090942492e-05
2.9254054054054057,1.97810498013895e-05,7.446458202340618e-05
2.928648648648649,2.003280730077693e-05,7.422325444697109e-05
2.931891891891892,2.02856592871995e-05,7.398087772640217e-05
2.9351351351351354,2.0539595758499558e-05,7.373746144948319e-05
2.9383783783783786,2.0794606669619913e-05,7.349301524512017e-05
2.9416216216216218,2.1050681933001624e-05,7.324754878296015e-05
2.944864864864865,2.130781141898257e-05,7.300107177300905e-05
2.948108108108108,2.1565984956198384e-05,7.275359396524735e-05
2.9513513513513514,2.1825192331984915e-05,7.250512514924439e-05
2.954594594594595,2.208542329278196e-05,7.225567515377123e-05
2.9578378378378383,2.2346667544539034e-05,7.200525384641184e-05
2.9610810810810815,2.2608914753122494e-05,7.17538711331727e-05
2.9643243243243247,2.287215454472449e-05,7.150153695809088e-05
2.967567567567568,2.313637650627305e-05,7.124826130284093e-05
2.970810810810811,2.34015701858443e-05,7.099405418633972e-05
2.9740540540540543,2.3667725093075584e-05,7.073892566435044e-05
2.9772972972972975,2.3934830699580854e-05,7.048288582908442e-05
2.9805405405405407,2.4202876439366706e-05,7.022594480880235e-05
2.983783783783784,2.447185170925057e-05,6.996811276741336e-05
2.987027027027027,2.4741745869280238e-05,6.970939990407294e-05
2.9902702702702704,2.5012548243154465e-05,6.944981645277974e-05
2.9935135135135136,2.528424811864562e-05,6.918937268197039e-05
2.996756756756757,2.5556834748023136e-05,6.892807889411364e-05
3.0000000000000004,2.5830297348478967e-05,6.86659454253025e-05
3.0032432432432437,2.6104625102553714e-05,6.840298264484584e-05
3.006486486486487,2.6379807158565046e-05,6.813920095485754e-05
3.00972972972973,2.665583263103646e-05,6.787461078984575e-05
3.0129729729729733,2.6932690601128403e-05,6.76092226162994e-05
3.0162162162162165,2.7210370117069678e-05,6.734304693227478e-05
3.0194594594594597,2.748886019459094e-05,6.707609426697998e-05
3.022702702702703,2.776814981735928e-05,6.680837518035833e-05
3.025945945945946,2.8048227937413732e-05,6.65399002626709e-05
3.0291891891891893,2.83290834756026e-05,6.627068013407726e-05
3.0324324324324325,2.861070532202146e-05,6.600072544421577e-05
3.0356756756756758,2.8893082336452868e-05,6.573004687178191e-05
3.038918918918919,2.917620334880683e-05,6.545865512410616e-05
3.0421621621621626,2.946005715956279e-05,6.51865609367303e-05
3.045405405405406,2.9744632540212617e-05,6.491377507298278e-05
3.048648648648649,3.0029918233704713e-05,6.464030832355301e-05
3.0518918918918923,3.0315902954889604e-05,6.436617150606418e-05
3.0551351351351355,3.060257539096583e-05,6.409137546464594e-05
3.0583783783783787,3.088992420192798e-05,6.381593106950486e-05
3.061621621621622,3.1177938021014856e-05,6.353984921649484e-05
3.064864864864865,3.146660545515944e-05,6.32631408266858e-05
3.0681081081081083,3.1755915085439325e-05,6.298581684593186e-05
3.0713513513513515,3.204585546752851e-05,6.270788824443838e-05
3.0745945945945947,3.233641513215025e-05,6.242936601632771e-05
3.077837837837838,3.2627582585530434e-05,6.215026117920473e-05
3.081081081081081,3.29193463098526e-05,6.187058477372062e-05
3.084324324324325,3.3211694763713273e-05,6.15903478631364e-05
3.087567567567568,3.3504616382578634e-05,6.130956153288518e-05
3.090810810810811,3.3798099579241904e-05,6.102823689013371e-05
3.0940540540540544,3.409213274428202e-05,6.0746385063342754e-05
3.0972972972972976,3.4386704246522324e-05,6.0464017201827354e-05
3.100540540540541,3.468180243349114e-05,6.018114447531531e-05
3.103783783783784,3.4977415631882455e-05,5.98977780735057e-05
3.1070270270270273,3.5273532148017735e-05,5.961392920562607e-05
3.1102702702702705,3.557014026830864e-05,5.932960909998895e-05
3.1135135135135137,3.5867228259720133e-05,5.904482900354792e-05
3.116756756756757,3.616478437023487e-05,5.8759600181452474e-05
3.12,3.646279682931776e-05,5.847393391660266e-05
3.1232432432432433,3.676125384838207e-05,5.818784150920235e-05
3.1264864864864865,3.706014362125517e-05,5.790133427631275e-05
3.12972972972973,3.7359454324645924e-05,5.7614423551404345e-05
3.1329729729729734,3.7659174118612276e-05,5.7327120683908784e-05
3.1362162162162166,3.795929114702971e-05,5.7039437038769676e-05
3.13945945945946,3.8259793538060065e-05,5.675138399599337e-05
3.142702702702703,3.856066940462125e-05,5.646297295019854e-05
3.1459459459459462,3.886190684485758e-05,5.617421531016545e-05
3.1491891891891894,3.9163493942610315e-05,5.5885122498384874e-05
3.1524324324324327,3.9465418767889346e-05,5.5595705950605894e-05
3.155675675675676,3.976766937734475e-05,5.5305977115383986e-05
3.158918918918919,4.007023381473972e-05,5.501594745362758e-05
3.1621621621621623,4.037310011142301e-05,5.472562843814527e-05
3.1654054054054055,4.067625628680265e-05,5.443503155319165e-05
3.1686486486486487,4.0979690348819954e-05,5.414416829401301e-05
3.1718918918918924,4.1283390294423656e-05,5.385305016639282e-05
3.1751351351351356,4.158734411004489e-05,5.3561688686196406e-05
3.1783783783783788,4.189153977207228e-05,5.327009537891555e-05
3.181621621621622,4.219596524732782e-05,5.297828177921237e-05
3.184864864864865,4.250060849354248e-05,5.268625943046332e-05
3.1881081081081084,4.280545745983301e-05,5.2394039884302275e-05
3.1913513513513516,4.311050008717815e-05,5.210163470016391e-05
3.194594594594595,4.341572430889626e-05,5.180905544482596e-05
3.197837837837838,4.372111805112201e-05,5.151631369195223e-05
3.2010810810810812,4.402666923328438e-05,5.122342102163441e-05
3.2043243243243245,4.433236576858451e-05,5.093038901993401e-05
3.2075675675675677,4.4638195564473634e-05,5.0637229278424266e-05
3.210810810810811,4.494414652313168e-05,5.034395339373129e-05
3.2140540540540545,4.52502065419456e-05,5.005057296707565e-05
3.2172972972972977,4.555636351398823e-05,4.975709960381327e-05
3.220540540540541,4.586260532849717e-05,4.946354491297646e-05
3.223783783783784,4.6168919871354e-05,4.916992050681448e-05
3.2270270270270274,4.647529502556321e-05,4.8876238000334485e-05
3.2302702702702706,4.678171867173169e-05,4.858250901084192e-05
3.233513513513514,4.708817868854823e-05,4.8288745157480874e-05
3.236756756756757,4.739466295326269e-05,4.799495806077474e-05
3.24,4.770115934216604e-05,4.770115934216606e-05
