0.0,0.0,-5.904621041178136e-21
0.0027127127127127126,3.1702847352981556e-07,-3.0324433396630736e-07
0.005425425425425425,6.340444062493386e-07,-6.064766723865236e-07
0.008138138138138138,9.510352578443577e-07,-9.096850201890815e-07
0.01085085085085085,1.2679884889928053e-06,-1.2128573832514135e-06
0.013563563563563563,1.5848915618607784e-06,-1.5159817688744136e-06
0.016276276276276275,1.9017319405985048e-06,-1.8190461862568362e-06
0.018988988988988986,2.2184970918362245e-06,-2.122038646969644e-06
0.0217017017017017,2.5351744851799813e-06,-2.4249471654301493e-06
0.024414414414414415,2.8517515937072886e-06,-2.727759759376265e-06
0.027127127127127126,3.1682158944626632e-06,-3.030464450340402e-06
0.029839839839839837,3.484554868952999e-06,-3.3330492641233285e-06
0.03255255255255255,3.8007560036427683e-06,-3.6355022312678398e-06
0.035265265265265265,4.1168067904490185e-06,-3.937811387532233e-06
0.03797797797797797,4.432694727236168e-06,-4.239964774363587e-06
0.04069069069069069,4.748407318310548e-06,-4.541950439370809e-06
0.0434034034034034,5.063932074914707e-06,-4.843756436797437e-06
0.046116116116116115,5.379256515721427e-06,-5.145370827994186e-06
0.04882882882882883,5.694368167327455e-06,-5.44678168189121e-06
0.05154154154154154,6.00925456474692e-06,-5.7479770754700565e-06
0.05425425425425425,6.323903251904409e-06,-6.0489450942353414e-06
0.056966966966966966,6.638301782127706e-06,-6.349673832685961e-06
0.05967967967967967,6.952437718640133e-06,-6.650151394786176e-06
0.06239239239239239,7.266298635052541e-06,-6.950365894436101e-06
0.0651051051051051,7.579872115854836e-06,-7.2503054559419056e-06
0.06781781781781782,7.893145756907131e-06,-7.5499582144855845e-06
0.07053053053053053,8.2061071659304e-06,-7.849312316594306e-06
0.07324324324324324,8.518743962996697e-06,-8.148355920609295e-06
0.07595595595595594,8.831043781018867e-06,-8.447077197154267e-06
0.07866866866866866,9.142994266239759e-06,-8.745464329603359e-06
0.08138138138138137,9.454583078720905e-06,-9.043505514548564e-06
0.08409409409409409,9.765797892830657e-06,-9.341188962266654e-06
0.0868068068068068,1.007662639773176e-05,-9.638502897185534e-06
0.08951951951951952,1.0387056297868323e-05,-9.935435558350087e-06
0.09223223223223223,1.0697075313452221e-05,-1.0231975199887317e-05
0.09494494494494495,1.1006671180948823e-05,-1.0528110091471109e-05
0.09765765765765766,1.1315831653562132e-05,-1.0823828518786163e-05
0.10037037037037036,1.162454450171922e-05,-1.1119118783991422e-05
0.10308308308308307,1.1932797513554006e-05,-1.1413969206182774e-05
0.10579579579579579,1.2240578495390317e-05,-1.170836812185515e-05
0.1085085085085085,1.2547875272224242e-05,-1.2002303885363885e-05
0.11122122122122122,1.2854675688205742e-05,-1.2295764869385388e-05
0.11393393393393393,1.3160967607119514e-05,-1.2588739465377096e-05
0.11664664664664665,1.3466738912865037e-05,-1.2881216084036673e-05
0.11935935935935935,1.3771977509935891e-05,-1.3173183155760456e-05
0.12207207207207206,1.4076671323898214e-05,-1.3464629131101106e-05
0.12478478478478477,1.4380808301868297e-05,-1.3755542481224514e-05
0.1274974974974975,1.4684376412989422e-05,-1.4045911698365752e-05
0.1302102102102102,1.4987363648907731e-05,-1.4335725296284414e-05
0.1329229229229229,1.528975802424726e-05,-1.4624971810718926e-05
0.13563563563563563,1.559154757708405e-05,-1.491363979984001e-05
0.13834834834834833,1.5892720369419308e-05,-1.520171784470335e-05
0.14106106106106106,1.619326448765169e-05,-1.548919454970125e-05
0.14377377377377376,1.6493168043048504e-05,-1.577605854301345e-05
0.1464864864864865,1.679241917221607e-05,-1.6062298477056937e-05
0.1491991991991992,1.7091006037568943e-05,-1.6347903028934837e-05
0.1519119119119119,1.7388916827798217e-05,-1.663286090088433e-05
0.15462462462462462,1.7686139758338735e-05,-1.691716082072355e-05
0.15733733733733732,1.798266307183524e-05,-1.7200791542297413e-05
0.16005005005005005,1.82784750386075e-05,-1.74837418459227e-05
0.16276276276276275,1.8573563957114267e-05,-1.7766000538831572e-05
0.16547547547547548,1.8867918154416192e-05,-1.8047556455614587e-05
0.16818818818818818,1.9161525986637534e-05,-1.8328398458662236e-05
0.1709009009009009,1.9454375839426825e-05,-1.8608515438605563e-05
0.1736136136136136,1.9746456128416213e-05,-1.888789631475562e-05
0.1763263263263263,2.0037755299679806e-05,-1.9166530035541766e-05
0.17903903903903903,2.0328261830190656e-05,-1.944440557894887e-05
0.18175175175175173,2.061796422827658e-05,-1.9721511952953293e-05
0.18446446446446446,2.0906851034074757e-05,-1.9997838195957736e-05
0.18717717717717716,2.1194910819985054e-05,-2.027337337722473e-05
0.1898898898898899,2.1482132191122064e-05,-2.0548106597309285e-05
0.1926026026026026,2.176850378576584e-05,-2.0822026988489695e-05
0.19531531531531532,2.2054014275811388e-05,-2.1095123715197792e-05
0.19802802802802802,2.233865236721669e-05,-2.1367385974447272e-05
0.20074074074074072,2.2622406800449562e-05,-2.1638802996261236e-05
0.20345345345345345,2.290526635093299e-05,-2.1909364044098116e-05
0.20616616616616615,2.3187219829489156e-05,-2.2179058415276436e-05
0.20887887887887888,2.3468256082782065e-05,-2.2447875441398156e-05
0.21159159159159158,2.374836399375873e-05,-2.2715804488770684e-05
0.2143043043043043,2.4027532482088945e-05,-2.2982834958827543e-05
0.217017017017017,2.4305750504603568e-05,-2.3248956288547584e-05
0.2197297297297297,2.458300705573141e-05,-2.3514157950872873e-05
0.22244244244244243,2.485929116793452e-05,-2.3778429455125075e-05
0.22515515515515513,2.5134591912142097e-05,-2.404176034742049e-05
0.22786786786786786,2.5408898398182763e-05,-2.4304140211083466e-05
0.23058058058058056,2.5682199775215358e-05,-2.4565558667058628e-05
0.2332932932932933,2.595448523215823e-05,-2.4826005374321298e-05
0.236006006006006,2.6225743998116808e-05,-2.5085470030286632e-05
0.2387187187187187,2.6495965342809717e-05,-2.534394237121715e-05
0.24143143143143142,2.6765138576993236e-05,-2.5601412172628725e-05
0.24414414414414412,2.703325305288413e-05,-2.5857869249695057e-05
0.24685685685685685,2.730029816458085e-05,-2.611330345765055e-05
0.24956956956956955,2.7566263348483066e-05,-2.636770469219161e-05
0.2522822822822823,2.7831138083709558e-05,-2.662106288987635e-05
0.254994994994995,2.8094911892514376e-05,-2.6873368028522684e-05
0.2577077077077077,2.8357574340701293e-05,-2.7124610127604692e-05
0.2604204204204204,2.8619115038036614e-05,-2.7374779248647626e-05
0.26313313313313313,2.8879523638660125e-05,-2.7623865495620796e-05
0.2658458458458458,2.9138789841494378e-05,-2.787185901532921e-05
0.26855855855855854,2.9396903390652176e-05,-2.8118749997803287e-05
0.27127127127127126,2.9653854075842244e-05,-2.8364528676686906e-05
0.273983983983984,2.9909631732773153e-05,-2.860918532962373e-05
0.27669669669669666,3.0164226243555375e-05,-2.8852710278641815e-05
0.2794094094094094,3.0417627537101517e-05,-2.9095093890536454e-05
0.2821221221221221,3.066982558952474e-05,-2.9336326577251212e-05
0.2848348348348348,3.0920810424535195e-05,-2.9576398796257213e-05
0.2875475475475475,3.117057211383477e-05,-2.981530105093064e-05
0.29026026026026025,3.141910077750974e-05,-3.005302389092838e-05
0.292972972972973,3.166638658442164e-05,-3.028955791256181e-05
0.29568568568568565,3.191241975259613e-05,-3.0524893759168916e-05
0.2983983983983984,3.215719054960994e-05,-3.0759022121484205e-05
0.3011111111111111,3.240068929297592e-05,-3.099193373800722e-05
0.3038238238238238,3.2642906350525966e-05,-3.122361939536862e-05
0.3065365365365365,3.288383214079208e-05,-3.1454069928694875e-05
0.30924924924924924,3.312345713338543e-05,-3.1683276221970665e-05
0.31196196196196196,3.336177184937328e-05,-3.1911229208399514e-05
0.31467467467467464,3.3598766861653984e-05,-3.2137919870762495e-05
0.31738738738738737,3.38344327953299e-05,-3.236333924177486e-05
0.3201001001001001,3.4068760328078234e-05,-3.25874784044408e-05
0.3228128128128128,3.430174019051981e-05,-3.2810328492406195e-05
0.3255255255255255,3.453336316658569e-05,-3.303188069030929e-05
0.3282382382382382,3.476362009388184e-05,-3.325212623412945e-05
0.33095095095095095,3.4992501864051496e-05,-3.347105641153384e-05
0.3336636636636636,3.5219999423135447e-05,-3.3688662562222006e-05
0.33637637637637635,3.544610377193027e-05,-3.39049360782686e-05
0.3390890890890891,3.567080596634426e-05,-3.411986840446366e-05
0.3418018018018018,3.5894097117751184e-05,-3.433345103865124e-05
0.3445145145145145,3.611596839334203e-05,-3.454567553206562e-05
0.3472272272272272,3.633641101647428e-05,-3.4756533489665554e-05
0.34993993993993994,3.655541626701915e-05,-3.4966016570466364e-05
0.3526526526526526,3.677297548170652e-05,-3.517411648786984e-05
0.35536536536536534,3.698908005446766e-05,-3.5380825009992095e-05
0.35807807807807807,3.7203721436775604e-05,-3.558613395998916e-05
0.3607907907907908,3.741689113798336e-05,-3.579003521638045e-05
0.36350350350350347,3.762858072565974e-05,-3.599252071337e-05
0.3662162162162162,3.7838781825922984e-05,-3.6193582441165634e-05
0.3689289289289289,3.804748612377193e-05,-3.639321244629561e-05
0.3716416416416416,3.825468536341498e-05,-3.6591402831923454e-05
0.3743543543543543,3.846037134859667e-05,-3.678814575816021e-05
0.37706706706706705,3.866453594292192e-05,-3.69834334423746e-05
0.3797797797797798,3.8867171070177825e-05,-3.717725815950087e-05
0.38249249249249245,3.906826871465315e-05,-3.73696122423444e-05
0.3852052052052052,3.9267820921455476e-05,-3.7560488081884994e-05
0.3879179179179179,3.9465819796825784e-05,-3.774987812757785e-05
0.39063063063063064,3.966225750845076e-05,-3.7937774887652246e-05
0.3933433433433433,3.985712628577261e-05,-3.812417092940788e-05
0.39605605605605604,4.005041842029644e-05,-3.830905887950897e-05
0.39876876876876877,4.0242126265895206e-05,-3.849243142427581e-05
0.40148148148148144,4.0432242239112126e-05,-3.867428130997418e-05
0.40419419419419417,4.0620758819460704e-05,-3.8854601343102156e-05
0.4069069069069069,4.080766854972221e-05,-3.903338439067483e-05
0.4096196196196196,4.099296403624067e-05,-3.921062338050635e-05
0.4123323323323323,4.117663794921533e-05,-3.938631130148972e-05
0.415045045045045,4.13586830229906e-05,-3.956044120387414e-05
0.41775775775775775,4.1539092056343495e-05,-3.973300619953991e-05
0.4204704704704704,4.171785791276845e-05,-3.990399946227094e-05
0.42318318318318315,4.189497352075964e-05,-4.0073414228024705e-05
0.4258958958958959,4.2070431874090765e-05,-4.0241243795199906e-05
0.4286086086086086,4.2244226032092095e-05,-4.040748152490146e-05
0.4313213213213213,4.24163491199251e-05,-4.057212084120323e-05
0.434034034034034,4.2586794328854376e-05,-4.073515523140807e-05
0.43674674674674674,4.2755554916516986e-05,-4.089657824630551e-05
0.4394594594594594,4.292262420718917e-05,-4.105638350042677e-05
0.44217217217217214,4.308799559205042e-05,-4.1214564672297496e-05
0.44488488488488487,4.325166252944487e-05,-4.1371115504687684e-05
0.4475975975975976,4.3413618545140156e-05,-4.1526029804859314e-05
0.45031031031031027,4.3573857232583404e-05,-4.167930144481122e-05
0.453023023023023,4.373237225315477e-05,-4.183092436152156e-05
0.4557357357357357,4.38891573364181e-05,-4.198089255718766e-05
0.4584484484484484,4.404420628036898e-05,-4.212920009946316e-05
0.4611611611611611,4.419751295168013e-05,-4.2275841121692876e-05
0.46387387387387385,4.4349071285943957e-05,-4.242080982314472e-05
0.4665865865865866,4.4498875287912455e-05,-4.2564100469239185e-05
0.46929929929929926,4.464691903173442e-05,-4.27057073917762e-05
0.472012012012012,4.479319666118977e-05,-4.284562498915941e-05
0.4747247247247247,4.493770238992129e-05,-4.298384772661767e-05
0.4774374374374374,4.508043050166344e-05,-4.3120370136424013e-05
0.4801501501501501,4.522137535046857e-05,-4.325518681811199e-05
0.48286286286286284,4.536053136093018e-05,-4.338829243868921e-05
0.48557557557557557,4.5497893028403486e-05,-4.351968173284839e-05
0.48828828828828824,4.563345491922321e-05,-4.364934950317557e-05
0.49100100100100097,4.576721167091848e-05,-4.377729062035574e-05
0.4937137137137137,4.5899157992424965e-05,-4.3903500023375735e-05
0.4964264264264264,4.6029288664294165e-05,-4.402797271972442e-05
0.4991391391391391,4.615759853889991e-05,-4.4150703785590206e-05
0.5018518518518518,4.628408254064196e-05,-4.427168836605582e-05
0.5045645645645646,4.640873566614679e-05,-4.4390921675290356e-05
0.5072772772772772,4.653155298446551e-05,-4.450839899673853e-05
0.50998998998999,4.665252963726893e-05,-4.462411568330737e-05
0.5127027027027027,4.6771660839039716e-05,-4.473806715754991e-05
0.5154154154154154,4.688894187726172e-05,-4.485024891184639e-05
0.5181281281281281,4.700436811260638e-05,-4.496065650858245e-05
0.5208408408408408,4.711793497911626e-05,-4.5069285580324774e-05
0.5235535535535535,4.722963798438562e-05,-4.517613182999375e-05
0.5262662662662663,4.7339472709738196e-05,-4.528119103103356e-05
0.5289789789789789,4.7447434810401905e-05,-4.538445902757927e-05
0.5316916916916916,4.755352001568078e-05,-4.54859317346213e-05
0.5344044044044044,4.765772412912392e-05,-4.5585605138167e-05
0.5371171171171171,4.7760043028691385e-05,-4.568347529539936e-05
0.5398298298298299,4.786047266691737e-05,-4.5779538334833115e-05
0.5425425425425425,4.795900907107026e-05,-4.5873790456467757e-05
0.5452552552552552,4.805564834330978e-05,-4.596622793193794e-05
0.547967967967968,4.81503866608412e-05,-4.605684710466092e-05
0.5506806806806807,4.824322027606653e-05,-4.6145644389981234e-05
0.5533933933933933,4.8334145516732793e-05,-4.623261627531246e-05
0.5561061061061061,4.842315878607727e-05,-4.631775932027619e-05
0.5588188188188188,4.851025656296979e-05,-4.64010701568381e-05
0.5615315315315315,4.8595435402052e-05,-4.648254548944125e-05
0.5642442442442442,4.8678691933873686e-05,-4.656218209513634e-05
0.5669569569569569,4.8760022865026015e-05,-4.663997682370928e-05
0.5696696696696696,4.883942497827186e-05,-4.67159265978058e-05
0.5723823823823824,4.8916895132673026e-05,-4.679002841305312e-05
0.575095095095095,4.899243026371451e-05,-4.6862279338178876e-05
0.5778078078078078,4.906602738342577e-05,-4.693267651512702e-05
0.5805205205205205,4.9137683580498834e-05,-4.7001217159170894e-05
0.5832332332332332,4.920739602040354e-05,-4.7067898559023387e-05
0.585945945945946,4.9275161945499605e-05,-4.713271807694419e-05
0.5886586586586586,4.934097867514578e-05,-4.7195673148844105e-05
0.5913713713713713,4.940484360580581e-05,-4.725676128438655e-05
0.5940840840840841,4.946675421115146e-05,-4.7315980067085976e-05
0.5967967967967968,4.95267080421625e-05,-4.7373327154403545e-05
0.5995095095095094,4.9584702727223456e-05,-4.74288002778397e-05
0.6022222222222222,4.9640735972217556e-05,-4.7482397243023995e-05
0.6049349349349349,4.9694805560617414e-05,-4.753411592980184e-05
0.6076476476476476,4.974690935357271e-05,-4.758395429231839e-05
0.6103603603603603,4.979704528999481e-05,-4.7631910359099457e-05
0.613073073073073,4.98452113866383e-05,-4.767798223312953e-05
0.6157857857857858,4.9891405738179424e-05,-4.772216809192677e-05
0.6184984984984985,4.9935626517291465e-05,-4.776446618761514e-05
0.6212112112112111,4.997787197471703e-05,-4.780487484699353e-05
0.6239239239239239,5.001814043933724e-05,-4.784339247160195e-05
0.6266366366366366,5.005643031823785e-05,-4.788001753778476e-05
0.6293493493493493,5.0092740096772205e-05,-4.791474859675092e-05
0.6320620620620621,5.012706833862126e-05,-4.7947584274631356e-05
0.6347747747747747,5.015941368585028e-05,-4.797852327253323e-05
0.6374874874874874,5.018977485896265e-05,-4.800756436659139e-05
0.6402002002002002,5.0218150656950436e-05,-4.8034706408016766e-05
0.6429129129129129,5.024453995734189e-05,-4.8059948323141757e-05
0.6456256256256256,5.0268941716245905e-05,-4.808328911346278e-05
0.6483383383383383,5.029135496839325e-05,-4.810472785567973e-05
0.651051051051051,5.031177882717478e-05,-4.812426370173252e-05
0.6537637637637638,5.03302124846765e-05,-4.814189587883457e-05
0.6564764764764764,5.034665521171155e-05,-4.815762368950349e-05
0.6591891891891891,5.0361106357849e-05,-4.817144651158855e-05
0.6619019019019019,5.037356535143964e-05,-4.818336379829538e-05
0.6646146146146146,5.038403169963852e-05,-4.819337507820753e-05
0.6673273273273272,5.0392504988424525e-05,-4.820147995530519e-05
0.67004004004004,5.039898488261669e-05,-4.820767810898078e-05
0.6727527527527527,5.04034711258875e-05,-4.821196929405169e-05
0.6754654654654654,5.040596354077298e-05,-4.821435334076996e-05
0.6781781781781782,5.0406462028679806e-05,-4.8214830154828997e-05
0.6808908908908908,5.040496656988908e-05,-4.8213399717367286e-05
0.6836036036036036,5.040147722355722e-05,-4.8210062084969165e-05
0.6863163163163163,5.0395994127713575e-05,-4.8204817389662555e-05
0.689029029029029,5.038851749925493e-05,-4.819766583891378e-05
0.6917417417417417,5.037904763393701e-05,-4.818860771561933e-05
0.6944544544544544,5.03675849063627e-05,-4.817764337809468e-05
0.6971671671671671,5.0354129769967287e-05,-4.816477326006009e-05
0.6998798798798799,5.033868275700045e-05,-4.814999787062348e-05
0.7025925925925925,5.032124447850531e-05,-4.813331779426031e-05
0.7053053053053052,5.0301815624294176e-05,-4.81147336907904e-05
0.708018018018018,5.0280396962921254e-05,-4.809424629535186e-05
0.7107307307307307,5.0256989341652325e-05,-4.8071856418372045e-05
0.7134434434434435,5.0231593686431126e-05,-4.804756494553541e-05
0.7161561561561561,5.020421100184283e-05,-4.8021372837748576e-05
0.7188688688688688,5.017484237107419e-05,-4.7993281131102236e-05
0.7215815815815816,5.014348895587082e-05,-4.7963290936830225e-05
0.7242942942942943,5.011015199649109e-05,-4.793140344126552e-05
0.7270070070070069,5.0074832811657224e-05,-4.789761990579337e-05
0.7297197197197197,5.0037532798503025e-05,-4.7861941666801326e-05
0.7324324324324324,4.9998253432518615e-05,-4.782437013562641e-05
0.7351451451451451,4.995699626749215e-05,-4.7784906798499335e-05
0.7378578578578578,4.991376293544824e-05,-4.7743553216485615e-05
0.7405705705705705,4.9868555146583486e-05,-4.77003110254239e-05
0.7432832832832832,4.98213746891988e-05,-4.765518193586123e-05
0.745995995995996,4.977222342962864e-05,-4.760816773298535e-05
0.7487087087087086,4.9721103312167185e-05,-4.755927027655414e-05
0.7514214214214214,4.966801635899147e-05,-4.7508491500822016e-05
0.7541341341341341,4.961296467008137e-05,-4.7455833414463424e-05
0.7568468468468468,4.955595042313648e-05,-4.740129810049338e-05
0.7595595595595596,4.9496975873490064e-05,-4.734488771618508e-05
0.7622722722722722,4.943604335401976e-05,-4.7286604492984546e-05
0.7649849849849849,4.937315527505533e-05,-4.722645073642238e-05
0.7676976976976977,4.9308314124283317e-05,-4.7164428826022534e-05
0.7704104104104104,4.924152246664866e-05,-4.710054121520822e-05
0.773123123123123,4.9172782944253155e-05,-4.703479043120482e-05
0.7758358358358358,4.910209827625102e-05,-4.696717907493994e-05
0.7785485485485485,4.9029471258741314e-05,-4.6897709820940525e-05
0.7812612612612613,4.89549047646573e-05,-4.682638541722704e-05
0.783973973973974,4.887840174365282e-05,-4.6753208685204796e-05
0.7866866866866866,4.8799965221985615e-05,-4.66781825195523e-05
0.7893993993993994,4.871959830239762e-05,-4.660130988810681e-05
0.7921121121121121,4.863730416399223e-05,-4.6522593831746884e-05
0.7948248248248247,4.8553086062108504e-05,-4.64420374642721e-05
0.7975375375375375,4.846694732819244e-05,-4.635964397227991e-05
0.8002502502502502,4.837889136966518e-05,-4.627541661503954e-05
0.8029629629629629,4.828892166978821e-05,-4.6189358724363115e-05
0.8056756756756757,4.8197041787525554e-05,-4.610147370447383e-05
0.8083883883883883,4.810325535740305e-05,-4.601176503187127e-05
0.811101101101101,4.8007566089364535e-05,-4.592023625519394e-05
0.8138138138138138,4.7909977768625056e-05,-4.582689099507885e-05
0.8165265265265265,4.781049425552123e-05,-4.5731732944018296e-05
0.8192392392392392,4.770911948535844e-05,-4.5634765866213815e-05
0.8219519519519519,4.7605857468255256e-05,-4.553599359742728e-05
0.8246646646646646,4.7500712288984714e-05,-4.543542004482913e-05
0.8273773773773774,4.739368810681281e-05,-4.533304918684385e-05
0.83009009009009,4.7284789155333925e-05,-4.5228885072992626e-05
0.8328028028028027,4.717401974230338e-05,-4.512293182373305e-05
0.8355155155155155,4.706138424946699e-05,-4.501519363029623e-05
0.8382282282282282,4.6946887132387835e-05,-4.4905674754520966e-05
0.8409409409409409,4.683053292026985e-05,-4.479437952868513e-05
0.8436536536536536,4.6712326215778826e-05,-4.468131235533434e-05
0.8463663663663663,4.659227169486024e-05,-4.456647770710777e-05
0.849079079079079,4.647037410655429e-05,-4.444988012656124e-05
0.8517917917917918,4.634663827280809e-05,-4.433152422598752e-05
0.8545045045045044,4.6221069088284894e-05,-4.4211414687233914e-05
0.8572172172172172,4.609367152017046e-05,-4.408955626151697e-05
0.8599299299299299,4.59644506079766e-05,-4.396595376923465e-05
0.8626426426426426,4.583341146334179e-05,-4.384061209977555e-05
0.8653553553553553,4.570055926982899e-05,-4.3713536211325545e-05
0.868068068068068,4.5565899282720605e-05,-4.358473113067163e-05
0.8707807807807807,4.542943682881057e-05,-4.345420195300311e-05
0.8734934934934935,4.5291177306193664e-05,-4.332195384170997e-05
0.8762062062062062,4.5151126184051945e-05,-4.3187992028178725e-05
0.8789189189189188,4.500928900243848e-05,-4.3052321811585417e-05
0.8816316316316316,4.486567137205805e-05,-4.291494855868599e-05
0.8843443443443443,4.4720278974045354e-05,-4.277587770360402e-05
0.8870570570570571,4.4573117559740224e-05,-4.263511474761577e-05
0.8897697697697697,4.442419295046009e-05,-4.249266525893254e-05
0.8924824824824824,4.427351103726968e-05,-4.234853487248038e-05
0.8951951951951952,4.412107778074813e-05,-4.220272928967728e-05
0.8979079079079079,4.3966899210753024e-05,-4.205525427820754e-05
0.9006206206206205,4.381098142618198e-05,-4.190611567179368e-05
0.9033333333333333,4.3653330594731315e-05,-4.175531936996562e-05
0.906046046046046,4.349395295265216e-05,-4.160287133782738e-05
0.9087587587587587,4.3332854804503695e-05,-4.144877760582102e-05
0.9114714714714715,4.3170042522903765e-05,-4.1293044269488194e-05
0.9141841841841841,4.3005522548276885e-05,-4.1135677489228975e-05
0.9168968968968968,4.283930138859929e-05,-4.097668349005811e-05
0.9196096096096096,4.267138561914171e-05,-4.081606856135893e-05
0.9223223223223223,4.250178188220914e-05,-4.0653839056634405e-05
0.925035035035035,4.233049688687806e-05,-4.049000139325585e-05
0.9277477477477477,4.215753740873119e-05,-4.032456205220916e-05
0.9304604604604604,4.1982910289589304e-05,-4.015752757783835e-05
0.9331731731731732,4.1806622437240665e-05,-3.9988904577586654e-05
0.9358858858858858,4.1628680825167803e-05,-3.9818699721735276e-05
0.9385985985985985,4.1449092492271596e-05,-3.964691974313941e-05
0.9413113113113113,4.126786454259281e-05,-3.947357143696196e-05
0.944024024024024,4.1085004145031246e-05,-3.9298661660404745e-05
0.9467367367367366,4.0900518533061905e-05,-3.912219733243722e-05
0.9494494494494494,4.071441500444903e-05,-3.8944185433522783e-05
0.9521621621621621,4.052670092095743e-05,-3.876463300534269e-05
0.9548748748748748,4.033738370806118e-05,-3.858354715051747e-05
0.9575875875875876,4.014647085464987e-05,-3.840093503232591e-05
0.9603003003003002,3.995396991273253e-05,-3.8216803874421817e-05
0.963013013013013,3.975988849713869e-05,-3.8031160960548176e-05
0.9657257257257257,3.9564234285217314e-05,-3.784401363424904e-05
0.9684384384384384,3.9367015016533e-05,-3.765536929857907e-05
0.9711511511511511,3.916823849255987e-05,-3.7465235415810646e-05
0.9738638638638638,3.896791257637298e-05,-3.7273619507138745e-05
0.9765765765765765,3.876604519233723e-05,-3.7080529152383326e-05
0.9792892892892893,3.856264432579395e-05,-3.68859719896896e-05
0.9820020020020019,3.8357718022744965e-05,-3.668995571522577e-05
0.9847147147147146,3.815127438953436e-05,-3.6492488082878715e-05
0.9874274274274274,3.794332159252778e-05,-3.629357690394716e-05
0.9901401401401401,3.7733867857789464e-05,-3.609323004683275e-05
0.9928528528528529,3.752292147075673e-05,-3.589145543672877e-05
0.9955655655655655,3.7310490775912314e-05,-3.568826105530663e-05
0.9982782782782782,3.709658417645423e-05,-3.548365494040017e-05
1.0009909909909909,3.688121013396343e-05,-3.527764518568767e-05
1.0037037037037035,3.666437716806901e-05,-3.5070239940371724e-05
1.0064164164164164,3.644609385611118e-05,-3.486144740885677e-05
1.009129129129129,3.622636883280212e-05,-3.4651275850424755e-05
1.0118418418418418,3.600521078988427e-05,-3.443973357890823e-05
1.0145545545545545,3.57826284757865e-05,-3.422682896236151e-05
1.0172672672672671,3.555863069527812e-05,-3.401257042272973e-05
1.01997997997998,3.5333226309120575e-05,-3.379696643551562e-05
1.0226926926926927,3.510642423371692e-05,-3.358002552944432e-05
1.0254054054054054,3.487823344075909e-05,-3.336175628612593e-05
1.028118118118118,3.464866295687302e-05,-3.314216733971602e-05
1.0308308308308307,3.44177218632616e-05,-3.29212673765742e-05
1.0335435435435434,3.4185419295345445e-05,-3.2699065134920433e-05
1.0362562562562563,3.39517644424014e-05,-3.247556940448931e-05
1.038968968968969,3.3716766547199285e-05,-3.225078902618254e-05
1.0416816816816816,3.3480434905636025e-05,-3.202473289171904e-05
1.0443943943943943,3.324277886636808e-05,-3.1797409943283306e-05
1.047107107107107,3.300380783044157e-05,-3.156882917317164e-05
1.0498198198198199,3.276353125092041e-05,-3.133899962343644e-05
1.0525325325325325,3.2521958632512424e-05,-3.1107930385528573e-05
1.0552452452452452,3.227909953119327e-05,-3.08756305999377e-05
1.0579579579579579,3.2034963553828453e-05,-3.0642109455830605e-05
1.0606706706706706,3.178956035779341e-05,-3.0407376190687944e-05
1.0633833833833832,3.1542899650591326e-05,-3.0171440089938558e-05
1.0660960960960961,3.129499118946923e-05,-2.993431048659234e-05
1.0688088088088088,3.104584478103205e-05,-2.969599676087104e-05
1.0715215215215215,3.0795470280854616e-05,-2.9456508339837106e-05
1.0742342342342341,3.054387759309181e-05,-2.921585469702086e-05
1.0769469469469468,3.0291076670086816e-05,-2.8974045352045714e-05
1.0796596596596597,3.0037077511977408e-05,-2.87310898702516e-05
1.0823723723723724,2.9781890166300434e-05,-2.8486997862316656e-05
1.085085085085085,2.952552472759423e-05,-2.824177898387692e-05
1.0877977977977977,2.926799133699945e-05,-2.7995442935144524e-05
1.0905105105105104,2.9009300181857774e-05,-2.774799946052383e-05
1.093223223223223,2.8749461495309092e-05,-2.7499458348226163e-05
1.095935935935936,2.8488485555886482e-05,-2.7249829429882344e-05
1.0986486486486486,2.8226382687109873e-05,-2.699912258015408e-05
1.1013613613613613,2.7963163257077487e-05,-2.6747347716343132e-05
1.104074074074074,2.7698837678055777e-05,-2.6494514797999105e-05
1.1067867867867867,2.743341640606747e-05,-2.6240633826525373e-05
1.1094994994994993,2.716690994047815e-05,-2.5985714844783674e-05
1.1122122122122122,2.689932882358065e-05,-2.5729767936696537e-05
1.114924924924925,2.6630683640178292e-05,-2.547280322684866e-05
1.1176376376376376,2.6360985017166006e-05,-2.5214830880086253e-05
1.1203503503503502,2.6090243623110014e-05,-2.4955861101114978e-05
1.123063063063063,2.581847016782583e-05,-2.4695904134096296e-05
1.1257757757757758,2.554567540195456e-05,-2.44349702622422e-05
1.1284884884884885,2.5271870116537706e-05,-2.417306980740852e-05
1.1312012012012012,2.499706514259023e-05,-2.3910213129686503e-05
1.1339139139139138,2.472127135067214e-05,-2.3646410626993075e-05
1.1366266266266265,2.4444499650458484e-05,-2.3381672734659512e-05
1.1393393393393392,2.4166760990307724e-05,-2.3116009925018564e-05
1.142052052052052,2.3888066356828793e-05,-2.2849432706990377e-05
1.1447647647647647,2.360842677444641e-05,-2.2581951625666668e-05
1.1474774774774774,2.3327853304964887e-05,-2.2313577261893507e-05
1.15019019019019,2.3046357047130715e-05,-2.2044320231852948e-05
1.1529029029029028,2.2763949136193453e-05,-2.1774191186642972e-05
1.1556156156156157,2.2480640743465218e-05,-2.1503200811856155e-05
1.1583283283283283,2.219644307587888e-05,-2.123135982715706e-05
1.161041041041041,2.191136737554461e-05,-2.0958678985858076e-05
1.1637537537537537,2.162542491930528e-05,-2.0685169074494137e-05
1.1664664664664663,2.1338627018290308e-05,-2.0410840912395977e-05
1.169179179179179,2.1050985017468294e-05,-2.0135705351262217e-05
1.171891891891892,2.076251029519811e-05,-1.9859773274729948e-05
1.1746046046046046,2.0473214262779e-05,-1.958305559794444e-05
1.1773173173173173,2.018310836399906e-05,-1.9305563267127204e-05
1.18003003003003,1.9892204074682478e-05,-1.9027307259142953e-05
1.1827427427427426,1.9600512902235734e-05,-1.874829858106551e-05
1.1854554554554555,1.930804638519229e-05,-1.8468548269742313e-05
1.1881681681681682,1.9014816092756284e-05,-1.818806739135794e-05
1.1908808808808808,1.872083362434465e-05,-1.790686704099612e-05
1.1935935935935935,1.8426110609128576e-05,-1.7624958342201172e-05
1.1963063063063062,1.813065870557319e-05,-1.734235244653766e-05
1.1990190190190189,1.78344896009766e-05,-1.70590605331495e-05
1.2017317317317318,1.7537615011007468e-05,-1.677509380831763e-05
1.2044444444444444,1.7240046679241636e-05,-1.649046350501679e-05
1.207157157157157,1.6941796376697493e-05,-1.620518088247109e-05
1.2098698698698698,1.664287590137042e-05,-1.5919257225708677e-05
1.2125825825825824,1.634329707776605e-05,-1.5632703845115334e-05
1.2152952952952951,1.604307175643254e-05,-1.5345532075987043e-05
1.218008008008008,1.5742211813491794e-05,-1.5057753278081603e-05
1.2207207207207207,1.5440729150169725e-05,-1.4769378835169334e-05
1.2234334334334334,1.5138635692325297e-05,-1.4480420154582568e-05
1.226146146146146,1.4835943389979053e-05,-1.4190888666764706e-05
1.2288588588588587,1.4532664216840101e-05,-1.3900795824817742e-05
1.2315715715715716,1.4228810169832671e-05,-1.3610153104049417e-05
1.2342842842842843,1.3924393268621531e-05,-1.3318972001519281e-05
1.236996996996997,1.3619425555136412e-05,-1.3027264035583774e-05
1.2397097097097096,1.3313919093095751e-05,-1.273504074544069e-05
1.2424224224224223,1.300788596752945e-05,-1.2442313690672685e-05
1.245135135135135,1.2701338284300856e-05,-1.214909445079004e-05
1.2478478478478479,1.2394288169627778e-05,-1.1855394624772497e-05
1.2505605605605605,1.208674776960299e-05,-1.1561225830610615e-05
1.2532732732732732,1.1778729249713662e-05,-1.1266599704846108e-05
1.2559859859859859,1.1470244794360022e-05,-1.0971527902111407e-05
1.2586986986986985,1.1161306606373554e-05,-1.067602209466884e-05
1.2614114114114114,1.0851926906534174e-05,-1.038009397194877e-05
1.2641241241241241,1.0542117933086902e-05,-1.0083755240087303e-05
1.2668368368368368,1.0231891941257624e-05,-9.787017621463096e-06
1.2695495495495495,9.921261202768421e-06,-9.489892854233757e-06
1.2722622622622621,9.610238005351997e-06,-9.192392691871389e-06
1.2749749749749748,9.298834652265844e-06,-8.89452890269788e-06
1.2776876876876877,8.987063461805213e-06,-8.596313269419049e-06
1.2804004004004004,8.674936766816283e-06,-8.297757588658973e-06
1.283113113113113,8.362466914207824e-06,-7.998873670492897e-06
1.2858258258258257,8.049666264463128e-06,-7.699673337980377e-06
1.2885385385385384,7.736547191150928e-06,-7.400168426697466e-06
1.2912512512512513,7.423122080435936e-06,-7.100370784268533e-06
1.293963963963964,7.109403330588958e-06,-6.8002922698976725e-06
1.2966766766766766,6.7954033514963225e-06,-6.49994475389948e-06
1.2993893893893893,6.481134564169094e-06,-6.19934011722958e-06
1.302102102102102,6.166609400251612e-06,-5.8984902510145536e-06
1.3048148148148146,5.851840301529843e-06,-5.597407056081656e-06
1.3075275275275275,5.536839719439214e-06,-5.296102442488055e-06
1.3102402402402402,5.2216201145719616e-06,-4.994588329049592e-06
1.312952952952953,4.906193956184302e-06,-4.692876642869392e-06
1.3156656656656656,4.590573721703145e-06,-4.390979318866015e-06
1.3183783783783782,4.274771896232649e-06,-4.088908299301469e-06
1.3210910910910911,3.958800972059991e-06,-3.786675533308467e-06
1.3238038038038038,3.6426734481617305e-06,-3.4842929764182612e-06
1.3265165165165165,3.326401829708948e-06,-3.1817725900872872e-06
1.3292292292292291,3.0099986275727008e-06,-2.8791263412241286e-06
1.3319419419419418,2.6934763578291942e-06,-2.576366201716201e-06
1.3346546546546545,2.376847541264723e-06,-2.27350414795622e-06
1.3373673673673674,2.0601247028800478e-06,-1.9705521603681234e-06
1.34008008008008,1.743320371395476e-06,-1.667522222933674e-06
1.3427927927927927,1.4264470787548083e-06,-1.364426322717974e-06
1.3455055055055054,1.1095173596297244e-06,-1.0612764493953966e-06
1.348218218218218,7.925437509241196e-07,-7.580845947754777e-07
1.3509309309309308,4.7553879127795676e-07,-4.548627523283363e-07
1.3536436436436436,1.5851502057138106e-07,-1.516229167103525e-07
1.3563563563563563,-1.585150205713687e-07,1.516229167103525e-07
1.359069069069069,-4.7553879127794443e-07,4.548627523283363e-07
1.3617817817817817,-7.925437509240849e-07,7.580845947754563e-07
1.3644944944944943,-1.1095173596296895e-06,1.0612764493953754e-06
1.3672072072072072,-1.4264470787547963e-06,1.364426322717974e-06
1.36991991991992,-1.7433203713954416e-06,1.6675222229336525e-06
1.3726326326326326,-2.060124702880036e-06,1.9705521603681234e-06
1.3753453453453452,-2.376847541264666e-06,2.273504147956177e-06
1.378058058058058,-2.693476357829182e-06,2.576366201716201e-06
1.3807707707707706,-3.009998627572644e-06,2.879126341224086e-06
1.3834834834834835,-3.3264018297089354e-06,3.1817725900872872e-06
1.3861961961961962,-3.64267344816174e-06,3.4842929764182833e-06
1.3889089089089088,-3.958800972059978e-06,3.786675533308467e-06
1.3916216216216215,-4.274771896232593e-06,4.0889082993014265e-06
1.3943343343343342,-4.5905737217031335e-06,4.390979318866015e-06
1.397047047047047,-4.906193956184289e-06,4.692876642869392e-06
1.3997597597597597,-5.22162011457195e-06,4.994588329049592e-06
1.4024724724724724,-5.5368397194392025e-06,5.296102442488055e-06
1.405185185185185,-5.851840301529809e-06,5.597407056081635e-06
1.4078978978978978,-6.166609400251555e-06,5.898490251014511e-06
1.4106106106106104,-6.4811345641690365e-06,6.199340117229538e-06
1.4133233233233233,-6.79540335149631e-06,6.49994475389948e-06
1.416036036036036,-7.109403330588945e-06,6.8002922698976725e-06
1.4187487487487487,-7.423122080435923e-06,7.100370784268533e-06
1.4214614614614614,-7.736547191150894e-06,7.4001684266974464e-06
1.424174174174174,-8.04966626446307e-06,7.699673337980337e-06
1.426886886886887,-8.362466914207812e-06,7.998873670492897e-06
1.4295995995995996,-8.674936766816272e-06,8.297757588658973e-06
1.4323123123123123,-8.987063461805203e-06,8.596313269419049e-06
1.435025025025025,-9.298834652265788e-06,8.894528902697838e-06
1.4377377377377376,-9.610238005351985e-06,9.192392691871389e-06
1.4404504504504503,-9.92126120276839e-06,9.489892854233735e-06
1.4431631631631632,-1.0231891941257612e-05,9.787017621463096e-06
1.4458758758758758,-1.0542117933086889e-05,1.0083755240087303e-05
1.4485885885885885,-1.0851926906534184e-05,1.038009397194879e-05
1.4513013013013012,-1.1161306606373498e-05,1.06760220946688e-05
1.4540140140140139,-1.1470244794359988e-05,1.0971527902111387e-05
1.4567267267267265,-1.177872924971363e-05,1.1266599704846087e-05
1.4594394394394394,-1.2086747769602978e-05,1.1561225830610615e-05
1.462152152152152,-1.2394288169627746e-05,1.1855394624772475e-05
1.4648648648648648,-1.2701338284300822e-05,1.2149094450790019e-05
1.4675775775775775,-1.3007885967529437e-05,1.2442313690672685e-05
1.4702902902902901,-1.3313919093095716e-05,1.2735040745440668e-05
1.473003003003003,-1.3619425555136402e-05,1.3027264035583774e-05
1.4757157157157157,-1.3924393268621542e-05,1.33189720015193e-05
1.4784284284284284,-1.422881016983266e-05,1.3610153104049417e-05
1.481141141141141,-1.4532664216840067e-05,1.3900795824817721e-05
1.4838538538538537,-1.4835943389979021e-05,1.4190888666764687e-05
1.4865665665665664,-1.5138635692325263e-05,1.448042015458255e-05
1.4892792792792793,-1.5440729150169714e-05,1.4769378835169334e-05
1.491991991991992,-1.5742211813491798e-05,1.5057753278081623e-05
1.4947047047047046,-1.604307175643251e-05,1.5345532075987026e-05
1.4974174174174173,-1.6343297077766012e-05,1.563270384511531e-05
1.50013013013013,-1.6642875901370386e-05,1.5919257225708657e-05
1.5028428428428429,-1.6941796376697463e-05,1.620518088247107e-05
1.5055555555555555,-1.7240046679241626e-05,1.649046350501679e-05
1.5082682682682682,-1.7537615011007458e-05,1.677509380831763e-05
1.5109809809809809,-1.783448960097657e-05,1.7059060533149484e-05
1.5136936936936936,-1.813065870557314e-05,1.734235244653762e-05
1.5164064064064062,-1.8426110609128525e-05,1.7624958342201134e-05
1.5191191191191191,-1.872083362434466e-05,1.790686704099614e-05
1.5218318318318318,-1.9014816092756254e-05,1.818806739135792e-05
1.5245445445445445,-1.930804638519228e-05,1.8468548269742313e-05
1.5272572572572571,-1.96005129022357e-05,1.874829858106549e-05
1.5299699699699698,-1.9892204074682465e-05,1.9027307259142953e-05
1.5326826826826827,-2.0183108363999048e-05,1.9305563267127204e-05
1.5353953953953954,-2.0473214262779006e-05,1.9583055597944456e-05
1.538108108108108,-2.0762510295198098e-05,1.9859773274729948e-05
1.5408208208208207,-2.1050985017468243e-05,2.0135705351262176e-05
1.5435335335335334,-2.1338627018290277e-05,2.041084091239596e-05
1.546246246246246,-2.1625424919305268e-05,2.0685169074494137e-05
1.548958958958959,-2.1911367375544605e-05,2.0958678985858076e-05
1.5516716716716716,-2.219644307587887e-05,2.123135982715706e-05
1.5543843843843843,-2.2480640743465205e-05,2.1503200811856155e-05
1.557097097097097,-2.2763949136193402e-05,2.1774191186642932e-05
1.5598098098098097,-2.3046357047130667e-05,2.2044320231852914e-05
1.5625225225225226,-2.3327853304964877e-05,2.2313577261893507e-05
1.5652352352352352,-2.360842677444638e-05,2.2581951625666644e-05
1.567947947947948,-2.3888066356828783e-05,2.2849432706990377e-05
1.5706606606606606,-2.4166760990307714e-05,2.3116009925018564e-05
1.5733733733733732,-2.4444499650458454e-05,2.338167273465949e-05
1.576086086086086,-2.472127135067211e-05,2.3646410626993058e-05
1.5787987987987988,-2.4997065142590223e-05,2.3910213129686503e-05
1.5815115115115115,-2.5271870116537712e-05,2.417306980740854e-05
1.5842242242242242,-2.5545675401954525e-05,2.443497026224218e-05
1.5869369369369368,-2.58184701678258e-05,2.469590413409628e-05
1.5896496496496495,-2.6090243623109986e-05,2.495586110111496e-05
1.5923623623623622,-2.636098501716598e-05,2.5214830880086233e-05
1.595075075075075,-2.663068364017826e-05,2.547280322684864e-05
1.5977877877877877,-2.689932882358064e-05,2.5729767936696537e-05
1.6005005005005004,-2.7166909940478124e-05,2.598571484478366e-05
1.603213213213213,-2.743341640606744e-05,2.624063382652536e-05
1.6059259259259258,-2.769883767805573e-05,2.6494514797999067e-05
1.6086386386386387,-2.7963163257077494e-05,2.6747347716343152e-05
1.6113513513513513,-2.8226382687109866e-05,2.699912258015408e-05
1.614064064064064,-2.8488485555886475e-05,2.7249829429882344e-05
1.6167767767767767,-2.8749461495309058e-05,2.7499458348226136e-05
1.6194894894894893,-2.9009300181857744e-05,2.7747999460523817e-05
1.622202202202202,-2.926799133699941e-05,2.7995442935144494e-05
1.624914914914915,-2.9525524727594237e-05,2.824177898387694e-05
1.6276276276276276,-2.9781890166300424e-05,2.8486997862316656e-05
1.6303403403403403,-3.00370775119774e-05,2.87310898702516e-05
1.633053053053053,-3.029107667008679e-05,2.8974045352045698e-05
1.6357657657657656,-3.0543877593091786e-05,2.9215854697020844e-05
1.6384784784784785,-3.079547028085461e-05,2.9456508339837106e-05
1.6411911911911912,-3.104584478103204e-05,2.969599676087104e-05
1.6439039039039038,-3.1294991189469215e-05,2.993431048659234e-05
1.6466166166166165,-3.154289965059128e-05,3.017144008993852e-05
1.6493293293293292,-3.1789560357793366e-05,3.0407376190687907e-05
1.6520420420420419,-3.203496355382842e-05,3.0642109455830585e-05
1.6547547547547548,-3.2279099531193245e-05,3.087563059993768e-05
1.6574674674674674,-3.252195863251241e-05,3.1107930385528573e-05
1.66018018018018,-3.27635312509204e-05,3.133899962343644e-05
1.6628928928928928,-3.300380783044156e-05,3.156882917317164e-05
1.6656056056056054,-3.324277886636803e-05,3.1797409943283266e-05
1.6683183183183183,-3.348043490563601e-05,3.202473289171904e-05
1.671031031031031,-3.371676654719927e-05,3.225078902618254e-05
1.6737437437437437,-3.3951764442401375e-05,3.247556940448929e-05
1.6764564564564564,-3.418541929534539e-05,3.269906513492039e-05
1.679169169169169,-3.4417721863261595e-05,3.29212673765742e-05
1.6818818818818817,-3.464866295687301e-05,3.314216733971602e-05
1.6845945945945946,-3.487823344075908e-05,3.336175628612593e-05
1.6873073073073073,-3.5106424233716914e-05,3.358002552944432e-05
1.69002002002002,-3.533322630912058e-05,3.379696643551563e-05
1.6927327327327326,-3.555863069527809e-05,3.401257042272969e-05
1.6954454454454453,-3.578262847578647e-05,3.422682896236149e-05
1.698158158158158,-3.6005210789884244e-05,3.443973357890821e-05
1.7008708708708709,-3.622636883280211e-05,3.4651275850424755e-05
1.7035835835835835,-3.644609385611117e-05,3.486144740885677e-05
1.7062962962962962,-3.666437716806898e-05,3.5070239940371704e-05
1.7090090090090089,-3.68812101339634e-05,3.527764518568766e-05
1.7117217217217215,-3.709658417645422e-05,3.548365494040016e-05
1.7144344344344344,-3.731049077591232e-05,3.5688261055306645e-05
1.7171471471471471,-3.752292147075671e-05,3.5891455436728755e-05
1.7198598598598598,-3.773386785778946e-05,3.609323004683275e-05
1.7225725725725725,-3.7943321592527774e-05,3.629357690394716e-05
1.7252852852852851,-3.8151274389534336e-05,3.649248808287871e-05
1.7279979979979978,-3.835771802274493e-05,3.668995571522575e-05
1.7307107107107107,-3.856264432579393e-05,3.688597198968958e-05
1.7334234234234234,-3.876604519233723e-05,3.7080529152383326e-05
1.736136136136136,-3.8967912576372964e-05,3.727361950713873e-05
1.7388488488488487,-3.9168238492559836e-05,3.7465235415810626e-05
1.7415615615615614,-3.936701501653297e-05,3.765536929857905e-05
1.7442742742742743,-3.956423428521731e-05,3.784401363424904e-05
1.746986986986987,-3.975988849713867e-05,3.8031160960548156e-05
1.7496996996996996,-3.995396991273252e-05,3.8216803874421817e-05
1.7524124124124123,-4.014647085464988e-05,3.8400935032325924e-05
1.755125125125125,-4.033738370806116e-05,3.858354715051746e-05
1.7578378378378376,-4.0526700920957415e-05,3.8764633005342686e-05
1.7605505505505505,-4.071441500444905e-05,3.8944185433522804e-05
1.7632632632632632,-4.0900518533061864e-05,3.91221973324372e-05
1.7659759759759759,-4.1085004145031226e-05,3.929866166040474e-05
1.7686886886886886,-4.126786454259282e-05,3.9473571436961965e-05
1.7714014014014012,-4.144909249227157e-05,3.9646919743139396e-05
1.7741141141141141,-4.16286808251678e-05,3.9818699721735276e-05
1.7768268268268268,-4.180662243724067e-05,3.998890457758666e-05
1.7795395395395395,-4.198291028958926e-05,4.015752757783831e-05
1.7822522522522521,-4.215753740873117e-05,4.032456205220915e-05
1.7849649649649648,-4.2330496886878054e-05,4.049000139325585e-05
1.7876776776776775,-4.2501781882209116e-05,4.0653839056634385e-05
1.7903903903903904,-4.2671385619141706e-05,4.081606856135893e-05
1.793103103103103,-4.28393013885993e-05,4.0976683490058125e-05
1.7958158158158157,-4.3005522548276865e-05,4.113567748922896e-05
1.7985285285285284,-4.317004252290375e-05,4.129304426948818e-05
1.801241241241241,-4.333285480450368e-05,4.1448777605821016e-05
1.8039539539539537,-4.349395295265213e-05,4.1602871337827356e-05
1.8066666666666666,-4.3653330594731295e-05,4.1755319369965616e-05
1.8093793793793793,-4.381098142618197e-05,4.190611567179368e-05
1.812092092092092,-4.396689921075301e-05,4.2055254278207536e-05
1.8148048048048047,-4.4121077780748124e-05,4.220272928967728e-05
1.8175175175175173,-4.427351103726967e-05,4.234853487248037e-05
1.8202302302302302,-4.442419295046007e-05,4.2492665258932536e-05
1.822942942942943,-4.4573117559740224e-05,4.263511474761578e-05
1.8256556556556556,-4.472027897404535e-05,4.277587770360402e-05
1.8283683683683682,-4.486567137205802e-05,4.2914948558685974e-05
1.831081081081081,-4.5009289002438465e-05,4.305232181158541e-05
1.8337937937937936,-4.515112618405195e-05,4.318799202817873e-05
1.8365065065065065,-4.529117730619365e-05,4.332195384170997e-05
1.8392192192192192,-4.5429436828810566e-05,4.345420195300311e-05
1.8419319319319318,-4.556589928272061e-05,4.3584731130671645e-05
1.8446446446446445,-4.5700559269828975e-05,4.371353621132553e-05
1.8473573573573572,-4.583341146334177e-05,4.384061209977554e-05
1.85007007007007,-4.5964450607976594e-05,4.396595376923465e-05
1.8527827827827827,-4.6093671520170444e-05,4.408955626151696e-05
1.8554954954954954,-4.622106908828488e-05,4.4211414687233914e-05
1.858208208208208,-4.634663827280809e-05,4.433152422598753e-05
1.8609209209209208,-4.6470374106554255e-05,4.444988012656122e-05
1.8636336336336334,-4.659227169486022e-05,4.456647770710776e-05
1.8663463463463463,-4.671232621577882e-05,4.4681312355334334e-05
1.869059059059059,-4.683053292026983e-05,4.4794379528685116e-05
1.8717717717717717,-4.694688713238782e-05,4.490567475452096e-05
1.8744844844844843,-4.706138424946699e-05,4.5015193630296233e-05
1.877197197197197,-4.717401974230336e-05,4.5122931823733035e-05
1.87990990990991,-4.728478915533392e-05,4.5228885072992626e-05
1.8826226226226226,-4.739368810681281e-05,4.533304918684386e-05
1.8853353353353353,-4.750071228898471e-05,4.543542004482912e-05
1.888048048048048,-4.760585746825524e-05,4.5535993597427266e-05
1.8907607607607606,-4.7709119485358436e-05,4.5634765866213815e-05
1.8934734734734733,-4.781049425552121e-05,4.573173294401829e-05
1.8961861861861862,-4.790997776862505e-05,4.582689099507884e-05
1.8988988988988988,-4.800756608936453e-05,4.592023625519394e-05
1.9016116116116115,-4.8103255357403046e-05,4.6011765031871264e-05
1.9043243243243242,-4.8197041787525554e-05,4.610147370447383e-05
1.9070370370370369,-4.82889216697882e-05,4.6189358724363115e-05
1.9097497497497495,-4.837889136966517e-05,4.627541661503953e-05
1.9124624624624624,-4.8466947328192447e-05,4.6359643972279915e-05
1.915175175175175,-4.8553086062108504e-05,4.64420374642721e-05
1.9178878878878878,-4.863730416399222e-05,4.652259383174688e-05
1.9206006006006004,-4.871959830239762e-05,4.660130988810681e-05
1.9233133133133131,-4.87999652219856e-05,4.66781825195523e-05
1.926026026026026,-4.887840174365282e-05,4.675320868520479e-05
1.9287387387387387,-4.89549047646573e-05,4.682638541722704e-05
1.9314514514514514,-4.9029471258741314e-05,4.689770982094052e-05
1.934164164164164,-4.9102098276251014e-05,4.6967179074939935e-05
1.9368768768768767,-4.917278294425315e-05,4.703479043120482e-05
1.9395895895895894,-4.924152246664866e-05,4.710054121520822e-05
1.9423023023023023,-4.930831412428331e-05,4.7164428826022534e-05
1.945015015015015,-4.937315527505533e-05,4.722645073642238e-05
1.9477277277277276,-4.943604335401975e-05,4.7286604492984546e-05
1.9504404404404403,-4.949697587349005e-05,4.734488771618507e-05
1.953153153153153,-4.955595042313648e-05,4.7401298100493375e-05
1.9558658658658659,-4.961296467008137e-05,4.7455833414463424e-05
1.9585785785785785,-4.9668016358991465e-05,4.750849150082201e-05
1.9612912912912912,-4.972110331216718e-05,4.755927027655414e-05
1.9640040040040039,-4.977222342962863e-05,4.760816773298534e-05
1.9667167167167166,-4.982137468919879e-05,4.765518193586123e-05
1.9694294294294292,-4.9868555146583486e-05,4.7700311025423895e-05
1.9721421421421421,-4.991376293544824e-05,4.7743553216485615e-05
1.9748548548548548,-4.995699626749214e-05,4.7784906798499335e-05
1.9775675675675675,-4.9998253432518615e-05,4.782437013562641e-05
1.9802802802802801,-5.0037532798503025e-05,4.7861941666801326e-05
1.9829929929929928,-5.0074832811657224e-05,4.789761990579337e-05
1.9857057057057057,-5.011015199649109e-05,4.793140344126553e-05
1.9884184184184184,-5.014348895587081e-05,4.796329093683022e-05
1.991131131131131,-5.017484237107419e-05,4.7993281131102236e-05
1.9938438438438437,-5.0204211001842825e-05,4.802137283774857e-05
1.9965565565565564,-5.0231593686431126e-05,4.804756494553541e-05
1.999269269269269,-5.025698934165232e-05,4.807185641837204e-05
2.0019819819819817,-5.0280396962921254e-05,4.809424629535186e-05
2.0046946946946944,-5.030181562429417e-05,4.81147336907904e-05
2.007407407407407,-5.032124447850531e-05,4.813331779426031e-05
2.01012012012012,-5.033868275700045e-05,4.814999787062348e-05
2.012832832832833,-5.035412976996728e-05,4.8164773260060083e-05
2.0155455455455455,-5.03675849063627e-05,4.817764337809468e-05
2.018258258258258,-5.037904763393701e-05,4.818860771561933e-05
2.020970970970971,-5.038851749925493e-05,4.819766583891378e-05
2.0236836836836836,-5.039599412771357e-05,4.8204817389662555e-05
2.0263963963963962,-5.040147722355722e-05,4.8210062084969165e-05
2.029109109109109,-5.040496656988908e-05,4.8213399717367286e-05
2.0318218218218216,-5.0406462028679806e-05,4.8214830154828997e-05
2.0345345345345343,-5.040596354077298e-05,4.821435334076996e-05
2.037247247247247,-5.04034711258875e-05,4.821196929405169e-05
2.03995995995996,-5.039898488261669e-05,4.820767810898078e-05
2.0426726726726727,-5.0392504988424525e-05,4.820147995530519e-05
2.0453853853853854,-5.0384031699638524e-05,4.819337507820753e-05
2.048098098098098,-5.037356535143964e-05,4.818336379829538e-05
2.0508108108108107,-5.036110635784901e-05,4.817144651158855e-05
2.0535235235235234,-5.034665521171155e-05,4.815762368950349e-05
2.056236236236236,-5.03302124846765e-05,4.814189587883457e-05
2.0589489489489488,-5.031177882717478e-05,4.812426370173252e-05
2.0616616616616614,-5.029135496839325e-05,4.810472785567973e-05
2.064374374374374,-5.0268941716245905e-05,4.808328911346278e-05
2.0670870870870868,-5.0244539957341895e-05,4.8059948323141757e-05
2.0697997997998,-5.0218150656950436e-05,4.803470640801676e-05
2.0725125125125126,-5.0189774858962655e-05,4.80075643665914e-05
2.0752252252252252,-5.015941368585028e-05,4.797852327253323e-05
2.077937937937938,-5.012706833862126e-05,4.7947584274631356e-05
2.0806506506506506,-5.0092740096772205e-05,4.791474859675092e-05
2.0833633633633633,-5.005643031823785e-05,4.788001753778476e-05
2.086076076076076,-5.001814043933725e-05,4.784339247160196e-05
2.0887887887887886,-4.9977871974717034e-05,4.780487484699353e-05
2.0915015015015013,-4.9935626517291465e-05,4.776446618761514e-05
2.094214214214214,-4.9891405738179424e-05,4.772216809192678e-05
2.0969269269269266,-4.984521138663831e-05,4.767798223312954e-05
2.0996396396396397,-4.979704528999481e-05,4.7631910359099457e-05
2.1023523523523524,-4.9746909353572715e-05,4.758395429231839e-05
2.105065065065065,-4.9694805560617414e-05,4.753411592980184e-05
2.1077777777777778,-4.9640735972217556e-05,4.748239724302399e-05
2.1104904904904904,-4.958470272722346e-05,4.7428800277839704e-05
2.113203203203203,-4.95267080421625e-05,4.7373327154403545e-05
2.1159159159159158,-4.946675421115146e-05,4.7315980067085976e-05
2.1186286286286284,-4.9404843605805813e-05,4.725676128438655e-05
2.121341341341341,-4.934097867514579e-05,4.719567314884411e-05
2.124054054054054,-4.927516194549962e-05,4.713271807694419e-05
2.1267667667667665,-4.9207396020403555e-05,4.70678985590234e-05
2.1294794794794796,-4.9137683580498834e-05,4.700121715917089e-05
2.1321921921921922,-4.9066027383425775e-05,4.693267651512702e-05
2.134904904904905,-4.899243026371451e-05,4.686227933817887e-05
2.1376176176176176,-4.891689513267303e-05,4.679002841305312e-05
2.1403303303303303,-4.883942497827186e-05,4.67159265978058e-05
2.143043043043043,-4.876002286502602e-05,4.663997682370929e-05
2.1457557557557556,-4.86786919338737e-05,4.6562182095136345e-05
2.1484684684684683,-4.8595435402052016e-05,4.648254548944125e-05
2.151181181181181,-4.8510256562969805e-05,4.6401070156838115e-05
2.1538938938938936,-4.8423158786077284e-05,4.6317759320276195e-05
2.1566066066066063,-4.8334145516732814e-05,4.623261627531247e-05
2.1593193193193194,-4.8243220276066524e-05,4.614564438998123e-05
2.162032032032032,-4.81503866608412e-05,4.605684710466092e-05
2.1647447447447448,-4.805564834330978e-05,4.596622793193793e-05
2.1674574574574574,-4.795900907107026e-05,4.5873790456467757e-05
2.17017017017017,-4.7860472666917365e-05,4.577953833483311e-05
2.172882882882883,-4.776004302869139e-05,4.568347529539937e-05
2.1755955955955955,-4.765772412912393e-05,4.5585605138167004e-05
2.178308308308308,-4.7553520015680795e-05,4.548593173462131e-05
2.181021021021021,-4.7447434810401905e-05,4.538445902757927e-05
2.1837337337337335,-4.733947270973822e-05,4.528119103103358e-05
2.186446446446446,-4.722963798438564e-05,4.517613182999377e-05
2.1891591591591593,-4.7117934979116275e-05,4.5069285580324774e-05
2.191871871871872,-4.700436811260639e-05,4.496065650858245e-05
2.1945845845845846,-4.688894187726172e-05,4.485024891184638e-05
2.1972972972972973,-4.677166083903972e-05,4.473806715754991e-05
2.20001001001001,-4.6652529637268945e-05,4.4624115683307373e-05
2.2027227227227226,-4.653155298446552e-05,4.450839899673853e-05
2.2054354354354353,-4.640873566614678e-05,4.439092167529035e-05
2.208148148148148,-4.6284082540641984e-05,4.4271688366055844e-05
2.2108608608608606,-4.6157598538899926e-05,4.415070378559021e-05
2.2135735735735733,-4.602928866429417e-05,4.402797271972442e-05
2.216286286286286,-4.5899157992424985e-05,4.390350002337575e-05
2.2189989989989987,-4.576721167091852e-05,4.377729062035577e-05
2.221711711711712,-4.563345491922322e-05,4.364934950317557e-05
2.2244244244244245,-4.5497893028403506e-05,4.3519681732848404e-05
2.227137137137137,-4.5360531360930184e-05,4.338829243868921e-05
2.22984984984985,-4.522137535046859e-05,4.3255186818112e-05
2.2325625625625625,-4.5080430501663454e-05,4.3120370136424013e-05
2.235275275275275,-4.49377023899213e-05,4.298384772661768e-05
2.237987987987988,-4.4793196661189784e-05,4.284562498915941e-05
2.2407007007007005,-4.4646919031734435e-05,4.270570739177622e-05
2.243413413413413,-4.449887528791247e-05,4.2564100469239185e-05
2.246126126126126,-4.434907128594398e-05,4.2420809823144745e-05
2.2488388388388385,-4.4197512951680166e-05,4.227584112169291e-05
2.2515515515515516,-4.404420628036899e-05,4.212920009946316e-05
2.2542642642642643,-4.388915733641811e-05,4.198089255718766e-05
2.256976976976977,-4.3732372253154775e-05,4.183092436152156e-05
2.2596896896896896,-4.35738572325834e-05,4.1679301444811216e-05
2.2624024024024023,-4.341361854514016e-05,4.1526029804859314e-05
2.265115115115115,-4.32516625294449e-05,4.1371115504687704e-05
2.2678278278278277,-4.308799559205043e-05,4.1214564672297496e-05
2.2705405405405403,-4.2922624207189206e-05,4.105638350042678e-05
2.273253253253253,-4.275555491651703e-05,4.089657824630553e-05
2.2759659659659657,-4.25867943288544e-05,4.073515523140809e-05
2.2786786786786783,-4.241634911992511e-05,4.057212084120323e-05
2.2813913913913915,-4.2244226032092095e-05,4.0407481524901456e-05
2.284104104104104,-4.207043187409076e-05,4.0241243795199885e-05
2.286816816816817,-4.189497352075965e-05,4.0073414228024705e-05
2.2895295295295295,-4.1717857912768455e-05,3.9903999462270955e-05
2.292242242242242,-4.15390920563435e-05,3.973300619953991e-05
2.294954954954955,-4.135868302299062e-05,3.956044120387415e-05
2.2976676676676675,-4.1176637949215366e-05,3.938631130148974e-05
2.30038038038038,-4.09929640362407e-05,3.9210623380506366e-05
2.303093093093093,-4.0807668549722226e-05,3.903338439067483e-05
2.3058058058058055,-4.0620758819460725e-05,3.885460134310217e-05
2.308518518518518,-4.043224223911216e-05,3.8674281309974206e-05
2.3112312312312313,-4.0242126265895206e-05,3.849243142427581e-05
2.313943943943944,-4.0050418420296455e-05,3.8309058879508984e-05
2.3166566566566567,-3.985712628577261e-05,3.812417092940788e-05
2.3193693693693693,-3.9662257508450775e-05,3.7937774887652246e-05
2.322082082082082,-3.9465819796825784e-05,3.774987812757785e-05
2.3247947947947947,-3.926782092145549e-05,3.7560488081885014e-05
2.3275075075075073,-3.9068268714653155e-05,3.73696122423444e-05
2.33022022022022,-3.886717107017784e-05,3.717725815950088e-05
2.3329329329329327,-3.8664535942921933e-05,3.69834334423746e-05
2.3356456456456454,-3.8460371348596703e-05,3.678814575816022e-05
2.338358358358358,-3.825468536341502e-05,3.659140283192349e-05
2.341071071071071,-3.804748612377192e-05,3.6393212446295604e-05
2.343783783783784,-3.7838781825923e-05,3.6193582441165634e-05
2.3464964964964965,-3.7628580725659746e-05,3.599252071337e-05
2.349209209209209,-3.741689113798334e-05,3.579003521638043e-05
2.351921921921922,-3.720372143677564e-05,3.5586133959989194e-05
2.3546346346346345,-3.698908005446768e-05,3.5380825009992116e-05
2.357347347347347,-3.677297548170653e-05,3.517411648786984e-05
2.36006006006006,-3.655541626701917e-05,3.496601657046638e-05
2.3627727727727725,-3.633641101647431e-05,3.475653348966559e-05
2.365485485485485,-3.611596839334205e-05,3.454567553206564e-05
2.368198198198198,-3.5894097117751225e-05,3.433345103865127e-05
2.370910910910911,-3.5670805966344244e-05,3.4119868404463644e-05
2.3736236236236237,-3.5446103771930284e-05,3.39049360782686e-05
2.3763363363363363,-3.521999942313548e-05,3.3688662562222047e-05
2.379049049049049,-3.499250186405151e-05,3.347105641153384e-05
2.3817617617617617,-3.476362009388184e-05,3.325212623412945e-05
2.3844744744744744,-3.453336316658571e-05,3.30318806903093e-05
2.387187187187187,-3.430174019051984e-05,3.281032849240623e-05
2.3898998998998997,-3.4068760328078255e-05,3.258747840444082e-05
2.3926126126126124,-3.383443279532994e-05,3.2363339241774885e-05
2.395325325325325,-3.3598766861654004e-05,3.2137919870762516e-05
2.3980380380380377,-3.3361771849373317e-05,3.191122920839955e-05
2.400750750750751,-3.312345713338543e-05,3.1683276221970645e-05
2.4034634634634635,-3.2883832140792095e-05,3.1454069928694875e-05
2.406176176176176,-3.264290635052596e-05,3.12236193953686e-05
2.408888888888889,-3.240068929297594e-05,3.099193373800722e-05
2.4116016016016015,-3.215719054960995e-05,3.0759022121484205e-05
2.414314314314314,-3.191241975259614e-05,3.0524893759168916e-05
2.417027027027027,-3.166638658442168e-05,3.0289557912561847e-05
2.4197397397397395,-3.1419100777509756e-05,3.005302389092838e-05
2.422452452452452,-3.1170572113834777e-05,2.981530105093064e-05
2.425165165165165,-3.0920810424535215e-05,2.9576398796257227e-05
2.4278778778778776,-3.066982558952478e-05,2.9336326577251243e-05
2.4305905905905902,-3.0417627537101548e-05,2.909509389053647e-05
2.4333033033033034,-3.0164226243555386e-05,2.8852710278641815e-05
2.436016016016016,-2.9909631732773146e-05,2.8609185329623708e-05
2.4387287287287287,-2.9653854075842254e-05,2.8364528676686906e-05
2.4414414414414414,-2.9396903390652206e-05,2.8118749997803307e-05
2.444154154154154,-2.91387898414944e-05,2.787185901532921e-05
2.4468668668668667,-2.8879523638660125e-05,2.7623865495620776e-05
2.4495795795795794,-2.8619115038036668e-05,2.7374779248647664e-05
2.452292292292292,-2.8357574340701334e-05,2.712461012760473e-05
2.4550050050050047,-2.809491189251439e-05,2.6873368028522684e-05
2.4577177177177174,-2.7831138083709602e-05,2.6621062889876386e-05
2.46043043043043,-2.7566263348483127e-05,2.6367704692191665e-05
2.463143143143143,-2.7300298164580858e-05,2.611330345765055e-05
2.465855855855856,-2.703325305288416e-05,2.5857869249695078e-05
2.4685685685685685,-2.6765138576993246e-05,2.5601412172628725e-05
2.471281281281281,-2.649596534280971e-05,2.534394237121713e-05
2.473993993993994,-2.6225743998116825e-05,2.5085470030286632e-05
2.4767067067067066,-2.595448523215827e-05,2.4826005374321318e-05
2.4794194194194192,-2.5682199775215375e-05,2.4565558667058628e-05
2.482132132132132,-2.5408898398182797e-05,2.430414021108349e-05
2.4848448448448446,-2.5134591912142117e-05,2.404176034742049e-05
2.4875575575575573,-2.4859291167934568e-05,2.3778429455125116e-05
2.49027027027027,-2.4583007055731472e-05,2.351415795087293e-05
2.492982982982983,-2.4305750504603575e-05,2.3248956288547584e-05
2.4956956956956957,-2.402753248208897e-05,2.298283495882756e-05
2.4984084084084084,-2.3748363993758735e-05,2.2715804488770684e-05
2.501121121121121,-2.346825608278205e-05,2.2447875441398133e-05
2.5038338338338337,-2.3187219829489166e-05,2.2179058415276436e-05
2.5065465465465464,-2.2905266350933024e-05,2.1909364044098137e-05
2.509259259259259,-2.262240680044958e-05,2.1638802996261236e-05
2.5119719719719718,-2.2338652367216723e-05,2.1367385974447293e-05
2.5146846846846844,-2.2054014275811442e-05,2.1095123715197836e-05
2.517397397397397,-2.1768503785765883e-05,2.0822026988489732e-05
2.5201101101101098,-2.148213219112208e-05,2.0548106597309285e-05
2.522822822822823,-2.1194910819985054e-05,2.027337337722473e-05
2.5255355355355356,-2.0906851034074737e-05,1.9997838195957695e-05
2.5282482482482482,-2.0617964228276582e-05,1.9721511952953293e-05
2.530960960960961,-2.0328261830190683e-05,1.9444405578948886e-05
2.5336736736736736,-2.003775529967982e-05,1.9166530035541766e-05
2.5363863863863862,-1.9746456128416244e-05,1.8887896314755636e-05
2.539099099099099,-1.9454375839426876e-05,1.8608515438605604e-05
2.5418118118118116,-1.916152598663757e-05,1.8328398458662256e-05
2.5445245245245243,-1.8867918154416206e-05,1.8047556455614587e-05
2.547237237237237,-1.8573563957114308e-05,1.7766000538831592e-05
2.5499499499499496,-1.827847503860756e-05,1.748374184592274e-05
2.5526626626626627,-1.798266307183524e-05,1.7200791542297413e-05
2.5553753753753754,-1.7686139758338714e-05,1.691716082072351e-05
2.558088088088088,-1.738891682779818e-05,1.663286090088429e-05
2.5608008008008007,-1.709100603756897e-05,1.6347903028934857e-05
2.5635135135135134,-1.6792419172216117e-05,1.6062298477056977e-05
2.566226226226226,-1.6493168043048534e-05,1.577605854301347e-05
2.5689389389389388,-1.6193264487651695e-05,1.548919454970125e-05
2.5716516516516514,-1.589272036941934e-05,1.520171784470337e-05
2.574364364364364,-1.5591547577084062e-05,1.491363979984001e-05
2.577077077077077,-1.5289758024247296e-05,1.4624971810718944e-05
2.5797897897897895,-1.4987363648907792e-05,1.433572529628446e-05
2.5825025025025026,-1.4684376412989418e-05,1.404591169836573e-05
2.5852152152152152,-1.4380808301868317e-05,1.3755542481224514e-05
2.587927927927928,-1.4076671323898214e-05,1.3464629131101106e-05
2.5906406406406406,-1.3771977509935876e-05,1.3173183155760434e-05
2.5933533533533533,-1.3466738912865039e-05,1.2881216084036673e-05
2.596066066066066,-1.316096760711958e-05,1.2588739465377157e-05
2.5987787787787786,-1.2854675688205797e-05,1.229576486938543e-05
2.6014914914914913,-1.2547875272224274e-05,1.2002303885363904e-05
2.604204204204204,-1.2240578495390371e-05,1.1708368121855192e-05
2.6069169169169166,-1.1932797513554042e-05,1.1413969206182795e-05
2.6096296296296293,-1.1624544501719235e-05,1.1119118783991422e-05
2.6123423423423424,-1.1315831653562168e-05,1.0823828518786185e-05
2.615055055055055,-1.1006671180948838e-05,1.0528110091471109e-05
2.6177677677677678,-1.069707531345226e-05,1.0231975199887339e-05
2.6204804804804804,-1.0387056297868345e-05,9.935435558350087e-06
2.623193193193193,-1.0076626397731761e-05,9.638502897185534e-06
2.625905905905906,-9.765797892830685e-06,9.341188962266674e-06
2.6286186186186185,-9.454583078720909e-06,9.043505514548564e-06
2.631331331331331,-9.142994266239744e-06,8.745464329603337e-06
2.634044044044044,-8.831043781018918e-06,8.44707719715431e-06
2.6367567567567565,-8.518743962996772e-06,8.14835592060936e-06
2.639469469469469,-8.206107165930454e-06,7.849312316594348e-06
2.6421821821821823,-7.893145756907121e-06,7.549958214485563e-06
2.644894894894895,-7.579872115854807e-06,7.250305455941863e-06
2.6476076076076076,-7.266298635052535e-06,6.950365894436082e-06
2.6503203203203203,-6.952437718640152e-06,6.650151394786176e-06
2.653033033033033,-6.638301782127748e-06,6.349673832685982e-06
2.6557457457457456,-6.323903251904432e-06,6.0489450942353414e-06
2.6584584584584583,-6.0092545647469655e-06,5.747977075470098e-06
2.661171171171171,-5.69436816732748e-06,5.44678168189123e-06
2.6638838838838836,-5.379256515721431e-06,5.145370827994186e-06
2.6665965965965963,-5.0639320749147355e-06,4.843756436797459e-06
2.669309309309309,-4.748407318310646e-06,4.541950439370895e-06
2.6720220220220217,-4.432694727236245e-06,4.239964774363651e-06
2.6747347347347348,-4.116806790449031e-06,3.937811387532233e-06
2.6774474474474474,-3.8007560036427594e-06,3.6355022312678177e-06
2.68016016016016,-3.4845548689530152e-06,3.3330492641233285e-06
2.682872872872873,-3.168215894462658e-06,3.0304644503403807e-06
2.6855855855855855,-2.851751593707352e-06,2.7277597593763077e-06
2.688298298298298,-2.5351744851800245e-06,2.4249471654301705e-06
2.691011011011011,-2.218497091836247e-06,2.122038646969644e-06
2.6937237237237235,-1.9017319405985511e-06,1.819046186256879e-06
2.696436436436436,-1.5848915618608043e-06,1.515981768874435e-06
2.699149149149149,-1.2679884889928553e-06,1.2128573832514563e-06
2.7018618618618615,-9.510352578443872e-07,9.096850201891028e-07
2.7045745745745746,-6.340444062493474e-07,6.064766723865236e-07
2.7072872872872873,-3.1702847352984854e-07,3.032443339663288e-07
2.71,-1.2346037737771851e-20,5.904621041178136e-21
